Date,Sector,Security,ISIN,Trading Status,52W High,52W Low,High,Low,VWAP,Previous Price,Change,Change (%),Volume,Source
2026-08-27,Agricultural,Eaagads Ltd Ord 1.25 sue,KE0000000208,,37,10,28.7,27.9,28.45,28.35,0.1,0.35,398,https://www.nse.co.ke/wp-content/uploads/27-AUG-26.pdf
2026-08-27,Agricultural,Kakuzi Plc Ord.5.00,KE0000000281,,460,240,435,430,432.75,429.75,3,0.7,264,https://www.nse.co.ke/wp-content/uploads/27-AUG-26.pdf
2026-08-27,Agricultural,Kapchorua Tea Kenya Plc Ord 5.00sme,KE4000001760,xq,424.25,81,343,324,330.25,324.5,5.75,1.77,1626,https://www.nse.co.ke/wp-content/uploads/27-AUG-26.pdf
2026-08-27,Agricultural,Sasini Plc Ord 1.00,KE0000000430,,33.9,13.6,24.5,23.2,23.35,24.05,-0.7,-2.91,30878,https://www.nse.co.ke/wp-content/uploads/27-AUG-26.pdf
2026-08-27,Agricultural,The Limuru Tea Co. Plc Ord 10.00sme,KE0000000356,,555,310,529,525,525,525,0,0,21,https://www.nse.co.ke/wp-content/uploads/27-AUG-26.pdf
2026-08-27,Agricultural,Williamson Tea Kenya Plc Ord 5.00,KE0000000505,xq,350,120,157,156,156.25,156.5,-0.25,-0.16,4662,https://www.nse.co.ke/wp-content/uploads/27-AUG-26.pdf
2026-08-27,Automobiles & Accessories,Car & General (K) Ltd Ord 5.00,KE0000000109,eg,409,18.5,246,246,246,273.25,-27.25,-9.97,2883,https://www.nse.co.ke/wp-content/uploads/27-AUG-26.pdf
2026-08-27,Banking,ABSA Bank Kenya Plc Ord 0.50,KE0000000067,ed,36.5,15,34.4,33.95,34.2,34.1,0.1,0.29,207500,https://www.nse.co.ke/wp-content/uploads/27-AUG-26.pdf
2026-08-27,Banking,BK Group Plc Ord 0.80,KE5000008986,,69.25,28.75,68,62,62.5,66.25,-3.75,-5.66,207606,https://www.nse.co.ke/wp-content/uploads/27-AUG-26.pdf
2026-08-27,Banking,Diamond Trust Bank Kenya Ltd Ord 4.00,KE0000000158,,185,66,185,183.5,184.25,183.75,0.5,0.27,159647,https://www.nse.co.ke/wp-content/uploads/27-AUG-26.pdf
2026-08-27,Banking,Equity Group Holdings Plc Ord 0.50,KE0000000554,,94.75,41.2,94.75,92.5,93.25,92.5,0.75,0.81,2380576,https://www.nse.co.ke/wp-content/uploads/27-AUG-26.pdf
2026-08-27,Banking,Family Bank Limited Ord 1.00,KE9930006987,,50,22,32.6,31,31.95,32.2,-0.25,-0.78,882213,https://www.nse.co.ke/wp-content/uploads/27-AUG-26.pdf
2026-08-27,Banking,HFCB Group Plc Ord 5.00,KE0000000240,,13.6,5.3,13.25,13,13.15,13.15,0,0,142442,https://www.nse.co.ke/wp-content/uploads/27-AUG-26.pdf
2026-08-27,Banking,I&M Group Plc Ord 1.00,KKE0000000125,,82,29.5,80,77.75,78.25,78,0.25,0.32,242976,https://www.nse.co.ke/wp-content/uploads/27-AUG-26.pdf
2026-08-27,Banking,KCB Group Ple Ord 1.00,KE0000000315,eq,94.75,35,93.75,92.5,93.5,93,0.5,0.54,1467755,https://www.nse.co.ke/wp-content/uploads/27-AUG-26.pdf
2026-08-27,Banking,NCBA Group Ple Ord 5.00,KE0000000406,ed,100,48,92,90.5,90.75,91,-0.25,-0.27,276939,https://www.nse.co.ke/wp-content/uploads/27-AUG-26.pdf
2026-08-27,Banking,Stanbic Holdings Plc ord.5.00,KE0000000091,eq,300,147,290,278,289,290,-1,-0.34,64991,https://www.nse.co.ke/wp-content/uploads/27-AUG-26.pdf
2026-08-27,Banking,Standard Chartered Bank Kenya Ltd Ord 5.00,KE0000000448,eq,370,260,336,333,335.25,335.5,-0.25,-0.07,8767,https://www.nse.co.ke/wp-content/uploads/27-AUG-26.pdf
2026-08-27,Banking,The Co-operative Bank of Kenya Ltd Ord 1.00,KE1000001568,,39.95,13.8,37.5,36.95,37.1,37.4,-0.3,-0.8,1093885,https://www.nse.co.ke/wp-content/uploads/27-AUG-26.pdf
2026-08-27,Commercial And Services,Deacons (East Africa) Plc Ord 2.50,KE5000005438,,0.45,0.45,,,,0.45,,,,https://www.nse.co.ke/wp-content/uploads/27-AUG-26.pdf
2026-08-27,Commercial And Services,Eveready East Africa Ltd Ord.1.00sue,KE0000000588,,1.88,0.75,1.05,1.01,1.02,1.02,0,0,136668,https://www.nse.co.ke/wp-content/uploads/27-AUG-26.pdf
2026-08-27,Commercial And Services,Express Kenya Plc Ord 5.00,KKE0000000224,,10,2.7,7.4,7,7.24,7.2,0.04,0.56,996,https://www.nse.co.ke/wp-content/uploads/27-AUG-26.pdf
2026-08-27,Commercial And Services,Homeboyz Entertainment Plc 0.50sue,KE7000001433,,4.66,4.66,,,,4.66,,,,https://www.nse.co.ke/wp-content/uploads/27-AUG-26.pdf
2026-08-27,Commercial And Services,Kenya Airways Ltd Ord 1.00,KE0000000307,,9.18,1.56,5.72,5.6,5.66,5.66,0,0,2508420,https://www.nse.co.ke/wp-content/uploads/27-AUG-26.pdf
2026-08-27,Commercial And Services,Longhorn Publishers Ple Ord 1.00,KE2000002275,,3.46,2.35,3,2.8,2.92,2.99,-0.07,-2.34,29189,https://www.nse.co.ke/wp-content/uploads/27-AUG-26.pdf
2026-08-27,Commercial And Services,Nairobi Business Ventures Plc Ord. 0.50sue,KE5000000090,,5,1.19,1.4,1.31,1.38,1.35,0.03,2.22,12574,https://www.nse.co.ke/wp-content/uploads/27-AUG-26.pdf
2026-08-27,Commercial And Services,Nation Media Group Plc Ord. 2.50,KE0000000380,,22.4,10.05,12.8,12.5,12.65,12.35,0.3,2.43,2163,https://www.nse.co.ke/wp-content/uploads/27-AUG-26.pdf
2026-08-27,Commercial And Services,Sameer Africa Plc Ord 5.00,KKE0000000232,,21.5,2.7,20,18.5,19.7,18.5,1.2,6.49,27703,https://www.nse.co.ke/wp-content/uploads/27-AUG-26.pdf
2026-08-27,Commercial And Services,Standard Group Ple Ord 5.00,KE0000000455,,10.8,5.2,6.3,6.06,6.2,6.06,0.14,2.31,1048,https://www.nse.co.ke/wp-content/uploads/27-AUG-26.pdf
2026-08-27,Commercial And Services,TPS Eastern Africa Ltd Ord 1.00,KE0000000539,,18.7,13.05,15.9,15.7,15.8,15.85,-0.05,-0.32,452,https://www.nse.co.ke/wp-content/uploads/27-AUG-26.pdf
2026-08-27,Commercial And Services,Uchumi Supermarket Plc Ord 5.00,KE0000000489,,2.93,0.23,1.47,1.41,1.42,1.46,-0.04,-2.74,242409,https://www.nse.co.ke/wp-content/uploads/27-AUG-26.pdf
2026-08-27,Commercial And Services,WPP Scangroup Plc Ord 1.00,KE0000000562,,3.95,1.8,2.1,2.01,2.05,2.04,0.01,0.49,84744,https://www.nse.co.ke/wp-content/uploads/27-AUG-26.pdf
2026-08-27,Construction & Allied,ARMCement Plc Ord 1.00,KE0000000034,,5.55,5.55,,,,5.55,,,,https://www.nse.co.ke/wp-content/uploads/27-AUG-26.pdf
2026-08-27,Construction & Allied,Bamburi Cement Plc Ord 5.00,KE0000000059,,84,21.3,,,,54,,,,https://www.nse.co.ke/wp-content/uploads/27-AUG-26.pdf
2026-08-27,Construction & Allied,Crown Paints Kenya Plc Ord 5.00,KE0000000141,xd,70.75,29,63,60.5,62.25,62,0.25,0.4,1731,https://www.nse.co.ke/wp-content/uploads/27-AUG-26.pdf
2026-08-27,Energy & Petroleum,KenGen Co. Ple Ord. 2.50,KE0000000547,,11.8,4.5,11.1,10.9,10.95,10.95,0,0,1660502,https://www.nse.co.ke/wp-content/uploads/27-AUG-26.pdf
2026-08-27,Energy & Petroleum,Kenya Pipeline Company Plc Ord 0.02,KE9900006215,,10,8.7,9.12,9,9,9.02,-0.02,-0.22,3562421,https://www.nse.co.ke/wp-content/uploads/27-AUG-26.pdf
2026-08-27,Energy & Petroleum,Kenya Power & Lighting Co Plc Ord 2.50,KE0000000349,,22.9,5.7,22.9,21.6,21.8,21.6,0.2,0.93,2403389,https://www.nse.co.ke/wp-content/uploads/27-AUG-26.pdf
2026-08-27,Energy & Petroleum,Kenya Power & Lighting Plc 4% Pref 20.00,KE4000001877,,5,4,,,,5,,,,https://www.nse.co.ke/wp-content/uploads/27-AUG-26.pdf
2026-08-27,Energy & Petroleum,Kenya Power & Lighting Plc 7% Pref 20.00,KKE4000002982,,6,6,,,,6,,,,https://www.nse.co.ke/wp-content/uploads/27-AUG-26.pdf
2026-08-27,Energy & Petroleum,TotalEnergies Marketing Kenya Plc Ord 5.00,KE0000000463,,50,21,49.5,45,48,45.05,2.95,6.55,144403,https://www.nse.co.ke/wp-content/uploads/27-AUG-26.pdf
2026-08-27,Energy & Petroleum,Umeme Ltd Ord 0.50,UG0000001145,,24.75,6,6.38,6.02,6.28,6.06,0.22,3.63,18079,https://www.nse.co.ke/wp-content/uploads/27-AUG-26.pdf
2026-08-27,Exchange Traded Funds,ABSA New Gold ETF,ZAE000060067,,6800,881,5600,5450,5540,5500,40,0.73,560,https://www.nse.co.ke/wp-content/uploads/27-AUG-26.pdf
2026-08-27,Exchange Traded Funds,Satrix MSCI World Feeder ETF,ZAE000246104,,1895,761,960,942,959,941,18,1.91,230,https://www.nse.co.ke/wp-content/uploads/27-AUG-26.pdf
2026-08-27,Insurance,Britam Holdings Plc Ord 0.10,KKE2000002192,,21.9,5.92,19,18.5,18.6,18.45,0.15,0.81,38888,https://www.nse.co.ke/wp-content/uploads/27-AUG-26.pdf
2026-08-27,Insurance,Jubilee Holdings Ltd Ord 5.00,KE0000000273,,437.75,182,410,400,405,411.25,-6.25,-1.52,1038,https://www.nse.co.ke/wp-content/uploads/27-AUG-26.pdf
2026-08-27,Insurance,Liberty Kenya Holdings Ltd Ord. 1.00,KE2000002168,xd,12.2,8.14,9.7,9.1,9.36,9.5,-0.14,-1.47,118288,https://www.nse.co.ke/wp-content/uploads/27-AUG-26.pdf
2026-08-27,Insurance,Sanlam Allianz Holdings Kenya Ple Ord 5.00,KE0000000414,,12.65,5.5,12.35,11.05,11.35,11.25,0.1,0.89,56147,https://www.nse.co.ke/wp-content/uploads/27-AUG-26.pdf
2026-08-27,Investment,Africa Mega Agricorp Plc Ord 5.00sue,KE0000000331,,177.5,10.4,174,150,170.25,158.5,11.75,7.41,1360,https://www.nse.co.ke/wp-content/uploads/27-AUG-26.pdf
2026-08-27,Investment,East African Breweries Plc Ord 2.00,KE0000000216,eq,351,167,282,275,280,280,0,0,124761,https://www.nse.co.ke/wp-content/uploads/27-AUG-26.pdf
2026-08-27,Investment,Flame Tree Group Holdings Ltd Ord 0.825,KE4000001323,,3.11,0.9,2.3,2.2,2.26,2.19,0.07,3.2,169918,https://www.nse.co.ke/wp-content/uploads/27-AUG-26.pdf
2026-08-27,Investment,Home Afrika Ltd Ord 1.00,KE2000007258,,1.83,0.48,1.16,1.12,1.15,1.14,0.01,0.88,74399,https://www.nse.co.ke/wp-content/uploads/27-AUG-26.pdf
2026-08-27,Investment,Kurwitu Ventures Ltd Ord 100.00sne,KE4000001216,,1500,1220,1350,1330,1355,1355,0,0,10,https://www.nse.co.ke/wp-content/uploads/27-AUG-26.pdf
2026-08-27,Investment,Mumias Sugar Co. Ltd Ord 2.00,KE0000000372,,0.27,0.27,,,,0.27,,,,https://www.nse.co.ke/wp-content/uploads/27-AUG-26.pdf
2026-08-27,Investment,Olympia Capital Holdings Ltd Ord 5.00,KE0000000166,,9,1.91,8.5,7.7,8.44,8.3,0.14,1.69,26784,https://www.nse.co.ke/wp-content/uploads/27-AUG-26.pdf
2026-08-27,Investment,Shri Krishana Overseas Plc,KE9900001216,,20.5,5.8,20,18,19.65,18.2,1.45,7.97,11803,https://www.nse.co.ke/wp-content/uploads/27-AUG-26.pdf
2026-08-27,Investment,Unga Group Ltd Ord 5.00,KE0000000497,,36.55,18.05,36.55,33.5,35.55,33.25,2.3,6.92,13737,https://www.nse.co.ke/wp-content/uploads/27-AUG-26.pdf
2026-08-27,Investment Services,Nairobi Securities Exchange Plc Ord 4.00,KE3000009674,,28,6.5,27,26,26.05,26.55,-0.5,-1.88,1615392,https://www.nse.co.ke/wp-content/uploads/27-AUG-26.pdf
2026-08-27,Manufacturing & Allied,British American Tobacco Kenya Plc Ord 10.00,KE0000000075,eq,629,345,572,560,570,572,-2,-0.35,36456,https://www.nse.co.ke/wp-content/uploads/27-AUG-26.pdf
2026-08-27,Real Estate Investment Trust,ALP Industrial REIT NAV USD 1.0431,KE9900006322,,1.02,1,,,,1.02,,,,https://www.nse.co.ke/wp-content/uploads/27-AUG-26.pdf
2026-08-27,Real Estate Investment Trust,LAPTRUST IMARA I-REIT NAV.16.95,KE9100008870,xq,20,20,,,,20,,,,https://www.nse.co.ke/wp-content/uploads/27-AUG-26.pdf
2026-08-27,Real Estate Investment Trust,TRIFIC Green USD I-REIT NAV USD 1.00,KE9930007092,,1.23,1.23,,,,1.23,,,,https://www.nse.co.ke/wp-content/uploads/27-AUG-26.pdf
2026-08-27,Telecommunication,Safaricom Plc Ord 0.05,KE1000001402,xq,37.5,17,37.5,37,37.05,37,0.05,0.14,8109142,https://www.nse.co.ke/wp-content/uploads/27-AUG-26.pdf
2026-08-28,Agricultural,Eaagads Ltd Ord 1.25 sue,KE0000000208,,37,10,28.35,27,27.45,28.45,-1,-3.51,934,https://www.nse.co.ke/wp-content/uploads/28-AUG-26.pdf
2026-08-28,Agricultural,Kakuzi Plc Ord.5.00,KE0000000281,,460,240,433,426.5,431.5,432.75,-1.25,-0.29,337,https://www.nse.co.ke/wp-content/uploads/28-AUG-26.pdf
2026-08-28,Agricultural,Kapchorua Tea Kenya Plc Ord 5.00sme,KE4000001760,xd,424.25,81,343,330,338,330.25,7.75,2.35,130,https://www.nse.co.ke/wp-content/uploads/28-AUG-26.pdf
2026-08-28,Agricultural,Sasini Plc Ord 1.00,KE0000000430,,33.9,13.6,24.1,23.25,24,23.35,0.65,2.78,248575,https://www.nse.co.ke/wp-content/uploads/28-AUG-26.pdf
2026-08-28,Agricultural,The Limuru Tea Co. Plc Ord 10.00sme,KE0000000356,,555,310,525,490,525,525,0,0,8,https://www.nse.co.ke/wp-content/uploads/28-AUG-26.pdf
2026-08-28,Agricultural,Williamson Tea Kenya Plc Ord 5.00,KE0000000505,xq,350,120,157,156,156.25,156.25,0,0,5835,https://www.nse.co.ke/wp-content/uploads/28-AUG-26.pdf
2026-08-28,Automobiles & Accessories,Car & General (K) Ltd Ord 5.00,KE0000000109,eg,409,18.5,270.5,221.5,234.25,246,-11.75,-4.78,82594,https://www.nse.co.ke/wp-content/uploads/28-AUG-26.pdf
2026-08-28,Banking,ABSA Bank Kenya Plc Ord 0.50,KE0000000067,ed,36.5,15,34.5,34.15,34.25,34.2,0.05,0.15,270142,https://www.nse.co.ke/wp-content/uploads/28-AUG-26.pdf
2026-08-28,Banking,BK Group Plc Ord 0.80,KE5000008986,,69.25,28.75,68,62.5,66.75,62.5,4.25,6.8,4211,https://www.nse.co.ke/wp-content/uploads/28-AUG-26.pdf
2026-08-28,Banking,Diamond Trust Bank Kenya Ltd Ord 4.00,KE0000000158,,195,66,195,184.5,187.5,184.25,3.25,1.76,131284,https://www.nse.co.ke/wp-content/uploads/28-AUG-26.pdf
2026-08-28,Banking,Equity Group Holdings Plc Ord 0.50,KE0000000554,,94.75,41.2,94,92.75,93.25,93.25,0,0,1269702,https://www.nse.co.ke/wp-content/uploads/28-AUG-26.pdf
2026-08-28,Banking,Family Bank Limited Ord 1.00,KE9930006987,,50,22,31.95,30.8,31.05,31.95,-0.9,-2.82,246281,https://www.nse.co.ke/wp-content/uploads/28-AUG-26.pdf
2026-08-28,Banking,HFCB Group Plc Ord 5.00,KE0000000240,,13.6,5.3,13.4,13,13.15,13.15,0,0,362171,https://www.nse.co.ke/wp-content/uploads/28-AUG-26.pdf
2026-08-28,Banking,I&M Group Plc Ord 1.00,KKE0000000125,,82,29.5,79,77,78.25,78.25,0,0,156324,https://www.nse.co.ke/wp-content/uploads/28-AUG-26.pdf
2026-08-28,Banking,KCB Group Ple Ord 1.00,KE0000000315,eq,94.75,35,94.5,93,93.5,93.5,0,0,553232,https://www.nse.co.ke/wp-content/uploads/28-AUG-26.pdf
2026-08-28,Banking,NCBA Group Ple Ord 5.00,KE0000000406,ed,100,48,92,90,90.5,90.75,-0.25,-0.28,134316,https://www.nse.co.ke/wp-content/uploads/28-AUG-26.pdf
2026-08-28,Banking,Stanbic Holdings Plc ord.5.00,KE0000000091,eq,300,147,289.75,285,288.5,289,-0.5,-0.17,1342,https://www.nse.co.ke/wp-content/uploads/28-AUG-26.pdf
2026-08-28,Banking,Standard Chartered Bank Kenya Ltd Ord 5.00,KE0000000448,eq,370,260,339.5,332,334.5,335.25,-0.75,-0.22,12506,https://www.nse.co.ke/wp-content/uploads/28-AUG-26.pdf
2026-08-28,Banking,The Co-operative Bank of Kenya Ltd Ord 1.00,KE1000001568,,39.95,13.8,37.5,36.8,37.25,37.1,0.15,0.4,899951,https://www.nse.co.ke/wp-content/uploads/28-AUG-26.pdf
2026-08-28,Commercial And Services,Deacons (East Africa) Plc Ord 2.50,KE5000005438,,0.45,0.45,,,,0.45,,,,https://www.nse.co.ke/wp-content/uploads/28-AUG-26.pdf
2026-08-28,Commercial And Services,Eveready East Africa Ltd Ord.1.00sue,KE0000000588,,1.88,0.75,1.09,1.02,1.06,1.02,0.04,3.92,334212,https://www.nse.co.ke/wp-content/uploads/28-AUG-26.pdf
2026-08-28,Commercial And Services,Express Kenya Plc Ord 5.00,KKE0000000224,,10,2.7,7.38,7,7.22,7.24,-0.02,-0.28,2651,https://www.nse.co.ke/wp-content/uploads/28-AUG-26.pdf
2026-08-28,Commercial And Services,Homeboyz Entertainment Plc 0.50sue,KE7000001433,,4.66,4.66,,,,4.66,,,,https://www.nse.co.ke/wp-content/uploads/28-AUG-26.pdf
2026-08-28,Commercial And Services,Kenya Airways Ltd Ord 1.00,KE0000000307,,9.18,1.56,5.7,5.64,5.7,5.66,0.04,0.71,1430024,https://www.nse.co.ke/wp-content/uploads/28-AUG-26.pdf
2026-08-28,Commercial And Services,Longhorn Publishers Ple Ord 1.00,KE2000002275,,3.46,2.35,3,2.79,2.88,2.92,-0.04,-1.37,5589,https://www.nse.co.ke/wp-content/uploads/28-AUG-26.pdf
2026-08-28,Commercial And Services,Nairobi Business Ventures Plc Ord. 0.50sue,KE5000000090,,5,1.19,1.4,1.34,1.35,1.38,-0.03,-2.17,16537,https://www.nse.co.ke/wp-content/uploads/28-AUG-26.pdf
2026-08-28,Commercial And Services,Nation Media Group Plc Ord. 2.50,KE0000000380,,22.4,10.05,13.9,12.8,13.4,12.65,0.75,5.93,45066,https://www.nse.co.ke/wp-content/uploads/28-AUG-26.pdf
2026-08-28,Commercial And Services,Sameer Africa Plc Ord 5.00,KKE0000000232,,21.5,2.7,19.85,17.75,18.1,19.7,-1.6,-8.12,10211,https://www.nse.co.ke/wp-content/uploads/28-AUG-26.pdf
2026-08-28,Commercial And Services,Standard Group Ple Ord 5.00,KE0000000455,,10.8,5.2,6.3,5.82,6.26,6.2,0.06,0.97,1116,https://www.nse.co.ke/wp-content/uploads/28-AUG-26.pdf
2026-08-28,Commercial And Services,TPS Eastern Africa Ltd Ord 1.00,KE0000000539,,18.7,13.05,15.8,15,15.3,15.8,-0.5,-3.16,2059,https://www.nse.co.ke/wp-content/uploads/28-AUG-26.pdf
2026-08-28,Commercial And Services,Uchumi Supermarket Plc Ord 5.00,KE0000000489,,2.93,0.23,1.5,1.42,1.48,1.42,0.06,4.23,60252,https://www.nse.co.ke/wp-content/uploads/28-AUG-26.pdf
2026-08-28,Commercial And Services,WPP Scangroup Plc Ord 1.00,KE0000000562,,3.95,1.8,2.1,2.02,2.03,2.05,-0.02,-0.98,37236,https://www.nse.co.ke/wp-content/uploads/28-AUG-26.pdf
2026-08-28,Construction & Allied,ARMCement Plc Ord 1.00,KE0000000034,,5.55,5.55,,,,5.55,,,,https://www.nse.co.ke/wp-content/uploads/28-AUG-26.pdf
2026-08-28,Construction & Allied,Bamburi Cement Plc Ord 5.00,KE0000000059,,84,21.3,,,,54,,,,https://www.nse.co.ke/wp-content/uploads/28-AUG-26.pdf
2026-08-28,Construction & Allied,Crown Paints Kenya Plc Ord 5.00,KE0000000141,xd,70.75,29,63,61.5,62.5,62.25,0.25,0.4,2215,https://www.nse.co.ke/wp-content/uploads/28-AUG-26.pdf
2026-08-28,Energy & Petroleum,KenGen Co. Ple Ord. 2.50,KE0000000547,,11.8,4.5,11,10.9,10.95,10.95,0,0,937666,https://www.nse.co.ke/wp-content/uploads/28-AUG-26.pdf
2026-08-28,Energy & Petroleum,Kenya Pipeline Company Plc Ord 0.02,KE9900006215,,10,8.7,9.12,9.02,9.06,9,0.06,0.67,375580,https://www.nse.co.ke/wp-content/uploads/28-AUG-26.pdf
2026-08-28,Energy & Petroleum,Kenya Power & Lighting Co Plc Ord 2.50,KE0000000349,,22.9,5.7,22.8,21.8,22.1,21.8,0.3,1.38,1584285,https://www.nse.co.ke/wp-content/uploads/28-AUG-26.pdf
2026-08-28,Energy & Petroleum,Kenya Power & Lighting Plc 4% Pref 20.00,KE4000001877,,5.02,4,5.02,5.02,5,5,0,0,10,https://www.nse.co.ke/wp-content/uploads/28-AUG-26.pdf
2026-08-28,Energy & Petroleum,Kenya Power & Lighting Plc 7% Pref 20.00,KKE4000002982,,6,6,,,,6,,,,https://www.nse.co.ke/wp-content/uploads/28-AUG-26.pdf
2026-08-28,Energy & Petroleum,TotalEnergies Marketing Kenya Plc Ord 5.00,KE0000000463,,50,21,49.5,45.7,48.7,48,0.7,1.46,129034,https://www.nse.co.ke/wp-content/uploads/28-AUG-26.pdf
2026-08-28,Energy & Petroleum,Umeme Ltd Ord 0.50,UG0000001145,,24.75,6,6.66,6.32,6.44,6.28,0.16,2.55,42533,https://www.nse.co.ke/wp-content/uploads/28-AUG-26.pdf
2026-08-28,Exchange Traded Funds,ABSA New Gold ETF,ZAE000060067,,6800,881,5590,5500,5515,5540,-25,-0.45,100,https://www.nse.co.ke/wp-content/uploads/28-AUG-26.pdf
2026-08-28,Exchange Traded Funds,Satrix MSCI World Feeder ETF,ZAE000246104,,1895,761,1020,951,978,959,19,1.98,181,https://www.nse.co.ke/wp-content/uploads/28-AUG-26.pdf
2026-08-28,Insurance,Britam Holdings Plc Ord 0.10,KKE2000002192,,21.9,5.92,18.9,18.5,18.6,18.6,0,0,81458,https://www.nse.co.ke/wp-content/uploads/28-AUG-26.pdf
2026-08-28,Insurance,Jubilee Holdings Ltd Ord 5.00,KE0000000273,,437.75,182,420,395,402.5,405,-2.5,-0.62,1111,https://www.nse.co.ke/wp-content/uploads/28-AUG-26.pdf
2026-08-28,Insurance,Liberty Kenya Holdings Ltd Ord. 1.00,KE2000002168,xd,12.2,8.14,9.7,9.3,9.42,9.36,0.06,0.64,14705,https://www.nse.co.ke/wp-content/uploads/28-AUG-26.pdf
2026-08-28,Insurance,Sanlam Allianz Holdings Kenya Ple Ord 5.00,KE0000000414,,12.65,5.5,12.35,10.55,10.95,11.35,-0.4,-3.52,31643,https://www.nse.co.ke/wp-content/uploads/28-AUG-26.pdf
2026-08-28,Investment,Africa Mega Agricorp Plc Ord 5.00sue,KE0000000331,,177.5,10.4,175,158.5,173.25,170.25,3,1.76,634,https://www.nse.co.ke/wp-content/uploads/28-AUG-26.pdf
2026-08-28,Investment,East African Breweries Plc Ord 2.00,KE0000000216,eq,351,167,281,277,279.25,280,-0.75,-0.27,24664,https://www.nse.co.ke/wp-content/uploads/28-AUG-26.pdf
2026-08-28,Investment,Flame Tree Group Holdings Ltd Ord 0.825,KE4000001323,,3.11,0.9,2.3,2.19,2.24,2.26,-0.02,-0.88,66220,https://www.nse.co.ke/wp-content/uploads/28-AUG-26.pdf
2026-08-28,Investment,Home Afrika Ltd Ord 1.00,KE2000007258,,1.83,0.48,1.14,1.1,1.11,1.15,-0.04,-3.48,480553,https://www.nse.co.ke/wp-content/uploads/28-AUG-26.pdf
2026-08-28,Investment,Kurwitu Ventures Ltd Ord 100.00sne,KE4000001216,,1500,1220,1255,1255,1355,1355,0,0,2,https://www.nse.co.ke/wp-content/uploads/28-AUG-26.pdf
2026-08-28,Investment,Mumias Sugar Co. Ltd Ord 2.00,KE0000000372,,0.27,0.27,,,,0.27,,,,https://www.nse.co.ke/wp-content/uploads/28-AUG-26.pdf
2026-08-28,Investment,Olympia Capital Holdings Ltd Ord 5.00,KE0000000166,,9,1.91,8.5,7.6,7.96,8.44,-0.48,-5.69,14685,https://www.nse.co.ke/wp-content/uploads/28-AUG-26.pdf
2026-08-28,Investment,Shri Krishana Overseas Plc,KE9900001216,,20.5,5.8,20.5,19.65,20,19.65,0.35,1.78,35671,https://www.nse.co.ke/wp-content/uploads/28-AUG-26.pdf
2026-08-28,Investment,Unga Group Ltd Ord 5.00,KE0000000497,,39.1,18.05,39.1,36,38.9,35.55,3.35,9.42,11238,https://www.nse.co.ke/wp-content/uploads/28-AUG-26.pdf
2026-08-28,Investment Services,Nairobi Securities Exchange Plc Ord 4.00,KE3000009674,,28.4,6.5,28.4,27,27.55,26.05,1.5,5.76,1371575,https://www.nse.co.ke/wp-content/uploads/28-AUG-26.pdf
2026-08-28,Manufacturing & Allied,British American Tobacco Kenya Plc Ord 10.00,KE0000000075,eq,629,345,568,556,562,570,-8,-1.4,5712,https://www.nse.co.ke/wp-content/uploads/28-AUG-26.pdf
2026-08-28,Real Estate Investment Trust,ALP Industrial REIT NAV USD 1.0431,KE9900006322,,1.02,1,,,,1.02,,,,https://www.nse.co.ke/wp-content/uploads/28-AUG-26.pdf
2026-08-28,Real Estate Investment Trust,LAPTRUST IMARA I-REIT NAV.16.95,KE9100008870,xq,20,20,,,,20,,,,https://www.nse.co.ke/wp-content/uploads/28-AUG-26.pdf
2026-08-28,Real Estate Investment Trust,TRIFIC Green USD I-REIT NAV USD 1.00,KE9930007092,,1.23,1.23,,,,1.23,,,,https://www.nse.co.ke/wp-content/uploads/28-AUG-26.pdf
2026-08-28,Telecommunication,Safaricom Plc Ord 0.05,KE1000001402,xq,38.2,17,38.2,37.2,37.85,37.05,0.8,2.15,,https://www.nse.co.ke/wp-content/uploads/28-AUG-26.pdf
2026-08-31,Agricultural,Eaagads Ltd Ord 1.25 sue,KE0000000208,,37,10,28.35,25.5,26.1,27.45,-1.35,-4.92,10606,https://www.nse.co.ke/wp-content/uploads/31-AUG-26.pdf
2026-08-31,Agricultural,Kakuzi Plc Ord.5.00,KE0000000281,,460,240,433,420,430,431.5,-1.5,-0.35,448,https://www.nse.co.ke/wp-content/uploads/31-AUG-26.pdf
2026-08-31,Agricultural,Kapchorua Tea Kenya Plc Ord 5.00sme,KE4000001760,xq,424.25,81,340,336,339.25,338,1.25,0.37,230,https://www.nse.co.ke/wp-content/uploads/31-AUG-26.pdf
2026-08-31,Agricultural,Sasini Plc Ord 1.00,KE0000000430,,33.9,13.6,25.5,23.5,24.65,24,0.65,2.71,6913,https://www.nse.co.ke/wp-content/uploads/31-AUG-26.pdf
2026-08-31,Agricultural,The Limuru Tea Co. Plc Ord 10.00sme,KE0000000356,,555,310,525,490,490,525,-35,-6.67,284,https://www.nse.co.ke/wp-content/uploads/31-AUG-26.pdf
2026-08-31,Agricultural,Williamson Tea Kenya Plc Ord 5.00,KE0000000505,xq,350,120,157,156,156.25,156.25,0,0,6438,https://www.nse.co.ke/wp-content/uploads/31-AUG-26.pdf
2026-08-31,Automobiles & Accessories,Car & General (K) Ltd Ord 5.00,KE0000000109,eg,409,18.5,257.5,257.5,257.5,234.25,23.25,9.93,14555,https://www.nse.co.ke/wp-content/uploads/31-AUG-26.pdf
2026-08-31,Banking,ABSA Bank Kenya Plc Ord 0.50,KE0000000067,ed,36.5,15,34.95,34.3,34.5,34.25,0.25,0.73,155628,https://www.nse.co.ke/wp-content/uploads/31-AUG-26.pdf
2026-08-31,Banking,BK Group Plc Ord 0.80,KE5000008986,,70,28.75,70,65,67.25,66.75,0.5,0.75,12497,https://www.nse.co.ke/wp-content/uploads/31-AUG-26.pdf
2026-08-31,Banking,Diamond Trust Bank Kenya Ltd Ord 4.00,KE0000000158,,198,66,198,189,195,187.5,7.5,4,1764087,https://www.nse.co.ke/wp-content/uploads/31-AUG-26.pdf
2026-08-31,Banking,Equity Group Holdings Plc Ord 0.50,KE0000000554,,94.75,41.2,94.75,93,94,93.25,0.75,0.8,1965929,https://www.nse.co.ke/wp-content/uploads/31-AUG-26.pdf
2026-08-31,Banking,Family Bank Limited Ord 1.00,KE9930006987,,50,22,32,30.85,31.45,31.05,0.4,1.29,215545,https://www.nse.co.ke/wp-content/uploads/31-AUG-26.pdf
2026-08-31,Banking,HFCB Group Plc Ord 5.00,KE0000000240,,13.6,5.3,13.1,12.55,12.9,13.15,-0.25,-1.9,345728,https://www.nse.co.ke/wp-content/uploads/31-AUG-26.pdf
2026-08-31,Banking,I&M Group Plc Ord 1.00,KKE0000000125,,82,29.5,81,78,79.5,78.25,1.25,1.6,725292,https://www.nse.co.ke/wp-content/uploads/31-AUG-26.pdf
2026-08-31,Banking,KCB Group Ple Ord 1.00,KE0000000315,xd,94.75,35,94.75,93.25,94,93.5,0.5,0.53,719026,https://www.nse.co.ke/wp-content/uploads/31-AUG-26.pdf
2026-08-31,Banking,NCBA Group Ple Ord 5.00,KE0000000406,ed,100,48,90.5,88.75,89.25,90.5,-1.25,-1.38,171732,https://www.nse.co.ke/wp-content/uploads/31-AUG-26.pdf
2026-08-31,Banking,Stanbic Holdings Plc ord.5.00,KE0000000091,eq,300,147,288,269,280.5,288.5,-8,-2.77,8549,https://www.nse.co.ke/wp-content/uploads/31-AUG-26.pdf
2026-08-31,Banking,Standard Chartered Bank Kenya Ltd Ord 5.00,KE0000000448,eq,370,260,340,330,332,334.5,-2.5,-0.75,20730,https://www.nse.co.ke/wp-content/uploads/31-AUG-26.pdf
2026-08-31,Banking,The Co-operative Bank of Kenya Ltd Ord 1.00,KE1000001568,,39.95,13.8,37.25,36.7,36.95,37.25,-0.3,-0.81,532093,https://www.nse.co.ke/wp-content/uploads/31-AUG-26.pdf
2026-08-31,Commercial And Services,Deacons (East Africa) Plc Ord 2.50,KE5000005438,,0.45,0.45,,,,0.45,,,,https://www.nse.co.ke/wp-content/uploads/31-AUG-26.pdf
2026-08-31,Commercial And Services,Eveready East Africa Ltd Ord.1.00sue,KE0000000588,,1.88,0.75,1.04,1,1.02,1.06,-0.04,-3.77,159634,https://www.nse.co.ke/wp-content/uploads/31-AUG-26.pdf
2026-08-31,Commercial And Services,Express Kenya Plc Ord 5.00,KKE0000000224,,10,2.7,7.74,7.28,7.46,7.22,0.24,3.32,13047,https://www.nse.co.ke/wp-content/uploads/31-AUG-26.pdf
2026-08-31,Commercial And Services,Homeboyz Entertainment Plc 0.50sue,KE7000001433,,4.66,4.66,,,,4.66,,,,https://www.nse.co.ke/wp-content/uploads/31-AUG-26.pdf
2026-08-31,Commercial And Services,Kenya Airways Ltd Ord 1.00,KE0000000307,,9.18,1.56,5.9,5.64,5.7,5.7,0,0,1247397,https://www.nse.co.ke/wp-content/uploads/31-AUG-26.pdf
2026-08-31,Commercial And Services,Longhorn Publishers Ple Ord 1.00,KE2000002275,,3.46,2.35,3,2.92,2.95,2.88,0.07,2.43,3861,https://www.nse.co.ke/wp-content/uploads/31-AUG-26.pdf
2026-08-31,Commercial And Services,Nairobi Business Ventures Plc Ord. 0.50sue,KE5000000090,,5,1.19,1.39,1.32,1.38,1.35,0.03,2.22,27025,https://www.nse.co.ke/wp-content/uploads/31-AUG-26.pdf
2026-08-31,Commercial And Services,Nation Media Group Plc Ord. 2.50,KE0000000380,,22.4,10.05,13.9,13.15,13.65,13.4,0.25,1.87,76534,https://www.nse.co.ke/wp-content/uploads/31-AUG-26.pdf
2026-08-31,Commercial And Services,Sameer Africa Plc Ord 5.00,KKE0000000232,,21.5,2.7,19.5,17.8,18.6,18.1,0.5,2.76,6204,https://www.nse.co.ke/wp-content/uploads/31-AUG-26.pdf
2026-08-31,Commercial And Services,Standard Group Ple Ord 5.00,KE0000000455,,10.8,5.2,6.4,5.64,5.86,6.26,-0.4,-6.39,6395,https://www.nse.co.ke/wp-content/uploads/31-AUG-26.pdf
2026-08-31,Commercial And Services,TPS Eastern Africa Ltd Ord 1.00,KE0000000539,,18.7,13.05,15.5,15.3,15.3,15.3,0,0,1086,https://www.nse.co.ke/wp-content/uploads/31-AUG-26.pdf
2026-08-31,Commercial And Services,Uchumi Supermarket Plc Ord 5.00,KE0000000489,,2.93,0.23,1.54,1.48,1.49,1.48,0.01,0.68,111566,https://www.nse.co.ke/wp-content/uploads/31-AUG-26.pdf
2026-08-31,Commercial And Services,WPP Scangroup Plc Ord 1.00,KE0000000562,,3.95,1.8,2.1,2,2.07,2.03,0.04,1.97,10532,https://www.nse.co.ke/wp-content/uploads/31-AUG-26.pdf
2026-08-31,Construction & Allied,ARMCement Plc Ord 1.00,KE0000000034,,5.55,5.55,,,,5.55,,,,https://www.nse.co.ke/wp-content/uploads/31-AUG-26.pdf
2026-08-31,Construction & Allied,Bamburi Cement Plc Ord 5.00,KE0000000059,,84,21.3,,,,54,,,,https://www.nse.co.ke/wp-content/uploads/31-AUG-26.pdf
2026-08-31,Construction & Allied,Crown Paints Kenya Plc Ord 5.00,KE0000000141,xd,70.75,29,63,60,60.5,62.5,-2,-3.2,1654,https://www.nse.co.ke/wp-content/uploads/31-AUG-26.pdf
2026-08-31,Energy & Petroleum,KenGen Co. Ple Ord. 2.50,KE0000000547,,11.8,4.5,11.1,10.85,10.95,10.95,0,0,1994945,https://www.nse.co.ke/wp-content/uploads/31-AUG-26.pdf
2026-08-31,Energy & Petroleum,Kenya Pipeline Company Plc Ord 0.02,KE9900006215,,10,8.7,9.04,9,9,9.06,-0.06,-0.66,11836531,https://www.nse.co.ke/wp-content/uploads/31-AUG-26.pdf
2026-08-31,Energy & Petroleum,Kenya Power & Lighting Co Plc Ord 2.50,KE0000000349,,22.9,5.7,22.9,22,22.4,22.1,0.3,1.36,742589,https://www.nse.co.ke/wp-content/uploads/31-AUG-26.pdf
2026-08-31,Energy & Petroleum,Kenya Power & Lighting Plc 4% Pref 20.00,KE4000001877,,5.02,4,,,,5,,,,https://www.nse.co.ke/wp-content/uploads/31-AUG-26.pdf
2026-08-31,Energy & Petroleum,Kenya Power & Lighting Plc 7% Pref 20.00,KKE4000002982,,6,6,,,,6,,,,https://www.nse.co.ke/wp-content/uploads/31-AUG-26.pdf
2026-08-31,Energy & Petroleum,TotalEnergies Marketing Kenya Plc Ord 5.00,KE0000000463,,50,21,49.4,46,48.5,48.7,-0.2,-0.41,31014,https://www.nse.co.ke/wp-content/uploads/31-AUG-26.pdf
2026-08-31,Energy & Petroleum,Umeme Ltd Ord 0.50,UG0000001145,,24.75,6,7,6.3,6.5,6.44,0.06,0.93,31589,https://www.nse.co.ke/wp-content/uploads/31-AUG-26.pdf
2026-08-31,Exchange Traded Funds,ABSA New Gold ETF,ZAE000060067,,6800,881,5545,5500,5525,5515,10,0.18,200,https://www.nse.co.ke/wp-content/uploads/31-AUG-26.pdf
2026-08-31,Exchange Traded Funds,Satrix MSCI World Feeder ETF,ZAE000246104,,1895,761,1170,1005,1070,978,92,9.41,943,https://www.nse.co.ke/wp-content/uploads/31-AUG-26.pdf
2026-08-31,Insurance,Britam Holdings Plc Ord 0.10,KKE2000002192,,21.9,5.92,18.6,18.45,18.5,18.6,-0.1,-0.54,138342,https://www.nse.co.ke/wp-content/uploads/31-AUG-26.pdf
2026-08-31,Insurance,Jubilee Holdings Ltd Ord 5.00,KE0000000273,cd,437.75,182,415,403,409.75,402.5,7.25,1.8,36617,https://www.nse.co.ke/wp-content/uploads/31-AUG-26.pdf
2026-08-31,Insurance,Liberty Kenya Holdings Ltd Ord. 1.00,KE2000002168,xd,12.2,8.14,9.7,9,9.26,9.42,-0.16,-1.7,11313,https://www.nse.co.ke/wp-content/uploads/31-AUG-26.pdf
2026-08-31,Insurance,Sanlam Allianz Holdings Kenya Ple Ord 5.00,KE0000000414,,12.65,5.5,11.35,10.3,10.75,10.95,-0.2,-1.83,57225,https://www.nse.co.ke/wp-content/uploads/31-AUG-26.pdf
2026-08-31,Investment,Africa Mega Agricorp Plc Ord 5.00sne,KE0000000331,,177.5,10.4,175,170,171,173.25,-2.25,-1.3,1050,https://www.nse.co.ke/wp-content/uploads/31-AUG-26.pdf
2026-08-31,Investment,East African Breweries Plc Ord 2.00,KE0000000216,eq,351,167,281,275,280,279.25,0.75,0.27,24708,https://www.nse.co.ke/wp-content/uploads/31-AUG-26.pdf
2026-08-31,Investment,Flame Tree Group Holdings Ltd Ord 0.825,KE4000001323,,3.11,0.9,2.2,2.05,2.16,2.24,-0.08,-3.57,200376,https://www.nse.co.ke/wp-content/uploads/31-AUG-26.pdf
2026-08-31,Investment,Home Afrika Ltd Ord 1.00,KE2000007258,,1.83,0.48,1.15,1.09,1.1,1.11,-0.01,-0.9,244201,https://www.nse.co.ke/wp-content/uploads/31-AUG-26.pdf
2026-08-31,Investment,Kurwitu Ventures Ltd Ord 100.00sne,KE4000001216,,1500,1220,,,,1355,,,,https://www.nse.co.ke/wp-content/uploads/31-AUG-26.pdf
2026-08-31,Investment,Mumias Sugar Co. Ltd Ord 2.00,KE0000000372,,0.27,0.27,,,,0.27,,,,https://www.nse.co.ke/wp-content/uploads/31-AUG-26.pdf
2026-08-31,Investment,Olympia Capital Holdings Ltd Ord 5.00,KE0000000166,,9,1.91,8.74,7.5,7.86,7.96,-0.1,-1.26,38220,https://www.nse.co.ke/wp-content/uploads/31-AUG-26.pdf
2026-08-31,Investment,Shri Krishana Overseas Plc,KE9900001216,,21.6,5.8,21.6,20.5,21.5,20,1.5,7.5,32820,https://www.nse.co.ke/wp-content/uploads/31-AUG-26.pdf
2026-08-31,Investment,Unga Group Ltd Ord 5.00,KE0000000497,,42.75,18.05,42.75,35.55,42.35,38.9,3.45,8.87,34274,https://www.nse.co.ke/wp-content/uploads/31-AUG-26.pdf
2026-08-31,Investment Services,Nairobi Securities Exchange Plc Ord 4.00,KE3000009674,,28.4,6.5,28,27.3,27.55,27.55,0,0,524514,https://www.nse.co.ke/wp-content/uploads/31-AUG-26.pdf
2026-08-31,Manufacturing & Allied,British American Tobacco Kenya Plc Ord 10.00,KE0000000075,xq,629,345,565,555,558,562,-4,-0.71,6478,https://www.nse.co.ke/wp-content/uploads/31-AUG-26.pdf
2026-08-31,Real Estate Investment Trust,ALP Industrial REIT NAV USD 1.0431,KE9900006322,,1.02,1,,,,1.02,,,,https://www.nse.co.ke/wp-content/uploads/31-AUG-26.pdf
2026-08-31,Real Estate Investment Trust,LAPTRUST IMARA I-REIT NAV.16.95,KE9100008870,xq,20,20,,,,20,,,,https://www.nse.co.ke/wp-content/uploads/31-AUG-26.pdf
2026-08-31,Real Estate Investment Trust,TRIFIC Green USD I-REIT NAV USD 1.00,KE9930007092,,1.23,1.23,,,,1.23,,,,https://www.nse.co.ke/wp-content/uploads/31-AUG-26.pdf
2026-08-31,Telecommunication,Safaricom Plc Ord 0.05,KE1000001402,xq,39.5,17,39.5,38.1,38.95,37.85,1.1,2.9,,https://www.nse.co.ke/wp-content/uploads/31-AUG-26.pdf
2026-09-01,Agricultural,Eaagads Ltd Ord 1.25 sue,KE0000000208,,37,10,28.7,27.55,28.6,26.1,2.5,9.58,6739,https://www.nse.co.ke/wp-content/uploads/01-SEP-26.pdf
2026-09-01,Agricultural,Kakuzi Plc Ord.5.00,KE0000000281,,460,240,433,420,431.25,430,1.25,0.29,2018,https://www.nse.co.ke/wp-content/uploads/01-SEP-26.pdf
2026-09-01,Agricultural,Kapchorua Tea Kenya Plc Ord 5.00sme,KE4000001760,xq,424.25,81,340,337,338.75,339.25,-0.5,-0.15,1086,https://www.nse.co.ke/wp-content/uploads/01-SEP-26.pdf
2026-09-01,Agricultural,Sasini Plc Ord 1.00,KE0000000430,,33.9,13.6,25,23.6,24.05,24.65,-0.6,-2.43,53011,https://www.nse.co.ke/wp-content/uploads/01-SEP-26.pdf
2026-09-01,Agricultural,The Limuru Tea Co. Plc Ord 10.00sme,KE0000000356,,555,310,525,485,491.75,490,1.75,0.36,375,https://www.nse.co.ke/wp-content/uploads/01-SEP-26.pdf
2026-09-01,Agricultural,Williamson Tea Kenya Plc Ord 5.00,KE0000000505,xq,350,120,156.5,155.25,156,156.25,-0.25,-0.16,4998,https://www.nse.co.ke/wp-content/uploads/01-SEP-26.pdf
2026-09-01,Automobiles & Accessories,Car & General (K) Ltd Ord 5.00,KE0000000109,eg,409,18.5,283.25,271,282.5,257.5,25,9.71,14790,https://www.nse.co.ke/wp-content/uploads/01-SEP-26.pdf
2026-09-01,Banking,ABSA Bank Kenya Plc Ord 0.50,KE0000000067,ed,36.5,15,35,34.35,34.45,34.5,-0.05,-0.14,309633,https://www.nse.co.ke/wp-content/uploads/01-SEP-26.pdf
2026-09-01,Banking,BK Group Plc Ord 0.80,KE5000008986,,70,28.75,67.5,65,66.5,67.25,-0.75,-1.12,6325,https://www.nse.co.ke/wp-content/uploads/01-SEP-26.pdf
2026-09-01,Banking,Diamond Trust Bank Kenya Ltd Ord 4.00,KE0000000158,,198.5,66,198.5,192,194.25,195,-0.75,-0.38,280855,https://www.nse.co.ke/wp-content/uploads/01-SEP-26.pdf
2026-09-01,Banking,Equity Group Holdings Plc Ord 0.50,KE0000000554,,97,41.2,97,94.5,96.25,94,2.25,2.39,1544680,https://www.nse.co.ke/wp-content/uploads/01-SEP-26.pdf
2026-09-01,Banking,Family Bank Limited Ord 1.00,KE9930006987,,50,22,31.95,30.95,31.3,31.45,-0.15,-0.48,949760,https://www.nse.co.ke/wp-content/uploads/01-SEP-26.pdf
2026-09-01,Banking,HFCB Group Plc Ord 5.00,KE0000000240,,13.6,5.3,12.9,12.5,12.65,12.9,-0.25,-1.94,408103,https://www.nse.co.ke/wp-content/uploads/01-SEP-26.pdf
2026-09-01,Banking,I&M Group Plc Ord 1.00,KKE0000000125,,82,29.5,81,79.5,80,79.5,0.5,0.63,249290,https://www.nse.co.ke/wp-content/uploads/01-SEP-26.pdf
2026-09-01,Banking,KCB Group Ple Ord 1.00,KE0000000315,xd,96,35,96,94.5,95.25,94,1.25,1.33,986262,https://www.nse.co.ke/wp-content/uploads/01-SEP-26.pdf
2026-09-01,Banking,NCBA Group Ple Ord 5.00,KE0000000406,xq,100,48,92,88.75,89.75,89.25,0.5,0.56,113203,https://www.nse.co.ke/wp-content/uploads/01-SEP-26.pdf
2026-09-01,Banking,Stanbic Holdings Plc ord.5.00,KE0000000091,eg,300,147,283,261,276.75,280.5,-3.75,-1.34,29022,https://www.nse.co.ke/wp-content/uploads/01-SEP-26.pdf
2026-09-01,Banking,Standard Chartered Bank Kenya Ltd Ord 5.00,KE0000000448,eq,370,260,361.5,330,332,332,0,0,45804,https://www.nse.co.ke/wp-content/uploads/01-SEP-26.pdf
2026-09-01,Banking,The Co-operative Bank of Kenya Ltd Ord 1.00,KE1000001568,,39.95,13.8,37.5,36.9,37.05,36.95,0.1,0.27,497682,https://www.nse.co.ke/wp-content/uploads/01-SEP-26.pdf
2026-09-01,Commercial And Services,Deacons (East Africa) Plc Ord 2.50,KE5000005438,,0.45,0.45,,,,0.45,,,,https://www.nse.co.ke/wp-content/uploads/01-SEP-26.pdf
2026-09-01,Commercial And Services,Eveready East Africa Ltd Ord.1.00sue,KE0000000588,,1.88,0.75,1.07,1.01,1.03,1.02,0.01,0.98,246444,https://www.nse.co.ke/wp-content/uploads/01-SEP-26.pdf
2026-09-01,Commercial And Services,Express Kenya Plc Ord 5.00,KKE0000000224,,10,2.7,7.4,7.02,7.36,7.46,-0.1,-1.34,9028,https://www.nse.co.ke/wp-content/uploads/01-SEP-26.pdf
2026-09-01,Commercial And Services,Homeboyz Entertainment Plc 0.50sue,KE7000001433,,4.66,4.66,,,,4.66,,,,https://www.nse.co.ke/wp-content/uploads/01-SEP-26.pdf
2026-09-01,Commercial And Services,Kenya Airways Ltd Ord 1.00,KE0000000307,,9.18,1.56,5.9,5.7,5.76,5.7,0.06,1.05,1212128,https://www.nse.co.ke/wp-content/uploads/01-SEP-26.pdf
2026-09-01,Commercial And Services,Longhorn Publishers Ple Ord 1.00,KE2000002275,,3.46,2.35,3,2.69,2.93,2.95,-0.02,-0.68,16990,https://www.nse.co.ke/wp-content/uploads/01-SEP-26.pdf
2026-09-01,Commercial And Services,Nairobi Business Ventures Plc Ord. 0.50sue,KE5000000090,,5,1.19,1.4,1.35,1.38,1.38,0,0,16573,https://www.nse.co.ke/wp-content/uploads/01-SEP-26.pdf
2026-09-01,Commercial And Services,Nation Media Group Plc Ord. 2.50,KE0000000380,,22.4,10.05,15,13.2,14.7,13.65,1.05,7.69,153207,https://www.nse.co.ke/wp-content/uploads/01-SEP-26.pdf
2026-09-01,Commercial And Services,Sameer Africa Plc Ord 5.00,KKE0000000232,,21.5,2.7,19.5,18.8,19,18.6,0.4,2.15,46821,https://www.nse.co.ke/wp-content/uploads/01-SEP-26.pdf
2026-09-01,Commercial And Services,Standard Group Ple Ord 5.00,KE0000000455,,10.8,5.2,6.2,6,6.12,5.86,0.26,4.44,6281,https://www.nse.co.ke/wp-content/uploads/01-SEP-26.pdf
2026-09-01,Commercial And Services,TPS Eastern Africa Ltd Ord 1.00,KE0000000539,,18.7,13.05,16.4,15.3,15.45,15.3,0.15,0.98,1511,https://www.nse.co.ke/wp-content/uploads/01-SEP-26.pdf
2026-09-01,Commercial And Services,Uchumi Supermarket Plc Ord 5.00,KE0000000489,,2.93,0.23,1.5,1.41,1.49,1.49,0,0,425124,https://www.nse.co.ke/wp-content/uploads/01-SEP-26.pdf
2026-09-01,Commercial And Services,WPP Scangroup Plc Ord 1.00,KE0000000562,,3.95,1.8,2.1,2.04,2.06,2.07,-0.01,-0.48,21513,https://www.nse.co.ke/wp-content/uploads/01-SEP-26.pdf
2026-09-01,Construction & Allied,ARMCement Plc Ord 1.00,KE0000000034,,5.55,5.55,,,,5.55,,,,https://www.nse.co.ke/wp-content/uploads/01-SEP-26.pdf
2026-09-01,Construction & Allied,Bamburi Cement Plc Ord 5.00,KE0000000059,,84,21.3,,,,54,,,,https://www.nse.co.ke/wp-content/uploads/01-SEP-26.pdf
2026-09-01,Construction & Allied,Crown Paints Kenya Plc Ord 5.00,KE0000000141,,70.75,29,65,60,62,60.5,1.5,2.48,2488,https://www.nse.co.ke/wp-content/uploads/01-SEP-26.pdf
2026-09-01,Energy & Petroleum,KenGen Co. Ple Ord. 2.50,KE0000000547,,11.8,4.5,11.55,10.95,11.25,10.95,0.3,2.74,2851483,https://www.nse.co.ke/wp-content/uploads/01-SEP-26.pdf
2026-09-01,Energy & Petroleum,Kenya Pipeline Company Plc Ord 0.02,KE9900006215,,10,8.7,9.08,9,9.02,9,0.02,0.22,913827,https://www.nse.co.ke/wp-content/uploads/01-SEP-26.pdf
2026-09-01,Energy & Petroleum,Kenya Power & Lighting Co Plc Ord 2.50,KE0000000349,,24,5.7,24,22.8,23.3,22.4,0.9,4.02,1283933,https://www.nse.co.ke/wp-content/uploads/01-SEP-26.pdf
2026-09-01,Energy & Petroleum,Kenya Power & Lighting Plc 4% Pref 20.00,KE4000001877,,5.02,4,,,,5,,,,https://www.nse.co.ke/wp-content/uploads/01-SEP-26.pdf
2026-09-01,Energy & Petroleum,Kenya Power & Lighting Plc 7% Pref 20.00,KKE4000002982,,6,6,,,,6,,,,https://www.nse.co.ke/wp-content/uploads/01-SEP-26.pdf
2026-09-01,Energy & Petroleum,TotalEnergies Marketing Kenya Plc Ord 5.00,KE0000000463,,50,21,49.3,48.5,48.95,48.5,0.45,0.93,110151,https://www.nse.co.ke/wp-content/uploads/01-SEP-26.pdf
2026-09-01,Energy & Petroleum,Umeme Ltd Ord 0.50,UG0000001145,,24.75,6,6.9,6.42,6.52,6.5,0.02,0.31,34521,https://www.nse.co.ke/wp-content/uploads/01-SEP-26.pdf
2026-09-01,Exchange Traded Funds,ABSA New Gold ETF,ZAE000060067,,6800,881,5600,5290,5315,5525,-210,-3.8,1248,https://www.nse.co.ke/wp-content/uploads/01-SEP-26.pdf
2026-09-01,Exchange Traded Funds,Satrix MSCI World Feeder ETF,ZAE000246104,,1895,761,1895,971,1010,1070,-60,-5.61,5185,https://www.nse.co.ke/wp-content/uploads/01-SEP-26.pdf
2026-09-01,Insurance,Britam Holdings Plc Ord 0.10,KKE2000002192,,21.9,5.92,18.6,18.2,18.5,18.5,0,0,170082,https://www.nse.co.ke/wp-content/uploads/01-SEP-26.pdf
2026-09-01,Insurance,Jubilee Holdings Ltd Ord 5.00,KE0000000273,cd,437.75,182,425,415,421,409.75,11.25,2.75,1870,https://www.nse.co.ke/wp-content/uploads/01-SEP-26.pdf
2026-09-01,Insurance,Liberty Kenya Holdings Ltd Ord. 1.00,KE2000002168,,12.2,8.14,9.6,9.2,9.3,9.26,0.04,0.43,8652,https://www.nse.co.ke/wp-content/uploads/01-SEP-26.pdf
2026-09-01,Insurance,Sanlam Allianz Holdings Kenya Ple Ord 5.00,KE0000000414,,12.65,5.5,11,10.55,10.85,10.75,0.1,0.93,80210,https://www.nse.co.ke/wp-content/uploads/01-SEP-26.pdf
2026-09-01,Investment,Africa Mega Agricorp Plc Ord 5.00sue,KE0000000331,,180,10.4,180,170,178.5,171,7.5,4.39,1224,https://www.nse.co.ke/wp-content/uploads/01-SEP-26.pdf
2026-09-01,Investment,East African Breweries Plc Ord 2.00,KE0000000216,eq,351,167,282,280,281,280,1,0.36,125175,https://www.nse.co.ke/wp-content/uploads/01-SEP-26.pdf
2026-09-01,Investment,Flame Tree Group Holdings Ltd Ord 0.825,KE4000001323,,3.11,0.9,2.17,2.13,2.15,2.16,-0.01,-0.46,38411,https://www.nse.co.ke/wp-content/uploads/01-SEP-26.pdf
2026-09-01,Investment,Home Afrika Ltd Ord 1.00,KE2000007258,,1.83,0.48,1.1,1.05,1.07,1.1,-0.03,-2.73,908362,https://www.nse.co.ke/wp-content/uploads/01-SEP-26.pdf
2026-09-01,Investment,Kurwitu Ventures Ltd Ord 100.00sne,KE4000001216,,1500,1220,,,,1355,,,,https://www.nse.co.ke/wp-content/uploads/01-SEP-26.pdf
2026-09-01,Investment,Mumias Sugar Co. Ltd Ord 2.00,KE0000000372,,0.27,0.27,,,,0.27,,,,https://www.nse.co.ke/wp-content/uploads/01-SEP-26.pdf
2026-09-01,Investment,Olympia Capital Holdings Ltd Ord 5.00,KE0000000166,,9,1.91,8.3,8,8.24,7.86,0.38,4.83,3491,https://www.nse.co.ke/wp-content/uploads/01-SEP-26.pdf
2026-09-01,Investment,Shri Krishana Overseas Plc,KE9900001216,,21.6,5.8,21.6,19.65,20.7,21.5,-0.8,-3.72,39473,https://www.nse.co.ke/wp-content/uploads/01-SEP-26.pdf
2026-09-01,Investment,Unga Group Ltd Ord 5.00,KE0000000497,,46.55,18.05,46.55,42.75,46.2,42.35,3.85,9.09,54772,https://www.nse.co.ke/wp-content/uploads/01-SEP-26.pdf
2026-09-01,Investment Services,Nairobi Securities Exchange Plc Ord 4.00,KE3000009674,,28.4,6.5,28,27.55,27.7,27.55,0.15,0.54,633635,https://www.nse.co.ke/wp-content/uploads/01-SEP-26.pdf
2026-09-01,Manufacturing & Allied,British American Tobacco Kenya Plc Ord 10.00,KE0000000075,xq,629,345,557,548,553,558,-5,-0.9,8448,https://www.nse.co.ke/wp-content/uploads/01-SEP-26.pdf
2026-09-01,Real Estate Investment Trust,ALP Industrial REIT NAV USD 1.0431,KE9900006322,,1.02,1,,,,1.02,,,,https://www.nse.co.ke/wp-content/uploads/01-SEP-26.pdf
2026-09-01,Real Estate Investment Trust,LAPTRUST IMARA I-REIT NAV.16.95,KE9100008870,xq,20,20,,,,20,,,,https://www.nse.co.ke/wp-content/uploads/01-SEP-26.pdf
2026-09-01,Real Estate Investment Trust,TRIFIC Green USD I-REIT NAV USD 1.00,KE9930007092,,1.23,1.23,,,,1.23,,,,https://www.nse.co.ke/wp-content/uploads/01-SEP-26.pdf
2026-09-01,Telecommunication,Safaricom Plc Ord 0.05,KE1000001402,xq,39.5,17,39.35,38.6,39,38.95,0.05,0.13,,https://www.nse.co.ke/wp-content/uploads/01-SEP-26.pdf
2026-09-02,Agricultural,Eaagads Ltd Ord 1.25 sue,KE0000000208,,37,10,30.15,27.35,28.25,28.6,-0.35,-1.22,756,https://www.nse.co.ke/wp-content/uploads/02-SEP-26.pdf
2026-09-02,Agricultural,Kakuzi Plc Ord.5.00,KE0000000281,,460,240,435,424.75,432,431.25,0.75,0.17,756,https://www.nse.co.ke/wp-content/uploads/02-SEP-26.pdf
2026-09-02,Agricultural,Kapchorua Tea Kenya Plc Ord 5.00sme,KE4000001760,xq,424.25,81,339,310,328.5,338.75,-10.25,-3.03,2556,https://www.nse.co.ke/wp-content/uploads/02-SEP-26.pdf
2026-09-02,Agricultural,Sasini Plc Ord 1.00,KE0000000430,,33.9,13.6,25.3,23.8,24.4,24.05,0.35,1.46,10845,https://www.nse.co.ke/wp-content/uploads/02-SEP-26.pdf
2026-09-02,Agricultural,The Limuru Tea Co. Plc Ord 10.00sme,KE0000000356,,555,310,539,539,491.75,491.75,0,0,21,https://www.nse.co.ke/wp-content/uploads/02-SEP-26.pdf
2026-09-02,Agricultural,Williamson Tea Kenya Plc Ord 5.00,KE0000000505,xq,350,120,156,154,155.25,156,-0.75,-0.48,8484,https://www.nse.co.ke/wp-content/uploads/02-SEP-26.pdf
2026-09-02,Automobiles & Accessories,Car & General (K) Ltd Ord 5.00,KE0000000109,eg,409,18.5,310.75,304.25,309.5,282.5,27,9.56,14933,https://www.nse.co.ke/wp-content/uploads/02-SEP-26.pdf
2026-09-02,Banking,ABSA Bank Kenya Plc Ord 0.50,KE0000000067,ed,36.5,15,35.3,34.4,34.85,34.45,0.4,1.16,239666,https://www.nse.co.ke/wp-content/uploads/02-SEP-26.pdf
2026-09-02,Banking,BK Group Plc Ord 0.80,KE5000008986,,70,28.75,67,62.5,65,66.5,-1.5,-2.26,28900,https://www.nse.co.ke/wp-content/uploads/02-SEP-26.pdf
2026-09-02,Banking,Diamond Trust Bank Kenya Ltd Ord 4.00,KE0000000158,,198.5,66,195,188,192.75,194.25,-1.5,-0.77,249920,https://www.nse.co.ke/wp-content/uploads/02-SEP-26.pdf
2026-09-02,Banking,Equity Group Holdings Plc Ord 0.50,KE0000000554,,104.5,41.2,104.5,97,100,96.25,3.75,3.9,11135311,https://www.nse.co.ke/wp-content/uploads/02-SEP-26.pdf
2026-09-02,Banking,Family Bank Limited Ord 1.00,KE9930006987,,50,22,31,30.5,30.9,31.3,-0.4,-1.28,264745,https://www.nse.co.ke/wp-content/uploads/02-SEP-26.pdf
2026-09-02,Banking,HFCB Group Plc Ord 5.00,KE0000000240,,13.6,5.3,12.65,12.3,12.45,12.65,-0.2,-1.58,210500,https://www.nse.co.ke/wp-content/uploads/02-SEP-26.pdf
2026-09-02,Banking,I&M Group Plc Ord 1.00,KKE0000000125,,82,29.5,81.25,80,80.75,80,0.75,0.94,295105,https://www.nse.co.ke/wp-content/uploads/02-SEP-26.pdf
2026-09-02,Banking,KCB Group Ple Ord 1.00,KE0000000315,xd,101,35,101,96,99.25,95.25,4,4.2,4586448,https://www.nse.co.ke/wp-content/uploads/02-SEP-26.pdf
2026-09-02,Banking,NCBA Group Ple Ord 5.00,KE0000000406,xq,100,48,92.25,90,91,89.75,1.25,1.39,70192,https://www.nse.co.ke/wp-content/uploads/02-SEP-26.pdf
2026-09-02,Banking,Stanbic Holdings Plc ord.5.00,KE0000000091,eg,300,147,283,261,262.5,276.75,-14.25,-5.15,220896,https://www.nse.co.ke/wp-content/uploads/02-SEP-26.pdf
2026-09-02,Banking,Standard Chartered Bank Kenya Ltd Ord 5.00,KE0000000448,eq,370,260,350,336,340,332,8,2.41,51067,https://www.nse.co.ke/wp-content/uploads/02-SEP-26.pdf
2026-09-02,Banking,The Co-operative Bank of Kenya Ltd Ord 1.00,KE1000001568,,39.95,13.8,39,36.7,37.45,37.05,0.4,1.08,1258800,https://www.nse.co.ke/wp-content/uploads/02-SEP-26.pdf
2026-09-02,Commercial And Services,Deacons (East Africa) Plc Ord 2.50,KE5000005438,s,0.45,0.45,,,,0.45,,,,https://www.nse.co.ke/wp-content/uploads/02-SEP-26.pdf
2026-09-02,Commercial And Services,Eveready East Africa Ltd Ord.1.00sue,KE0000000588,,1.88,0.75,1.07,1,1.02,1.03,-0.01,-0.97,560669,https://www.nse.co.ke/wp-content/uploads/02-SEP-26.pdf
2026-09-02,Commercial And Services,Express Kenya Plc Ord 5.00,KE0000000224,,10,2.7,7.4,7.2,7.3,7.36,-0.06,-0.82,1006,https://www.nse.co.ke/wp-content/uploads/02-SEP-26.pdf
2026-09-02,Commercial And Services,Homeboyz Entertainment Plc 0.50sue,KE7000001433,,4.66,4.66,,,,4.66,,,,https://www.nse.co.ke/wp-content/uploads/02-SEP-26.pdf
2026-09-02,Commercial And Services,Kenya Airways Ltd Ord 1.00,KE0000000307,,9.18,1.56,5.88,5.64,5.76,5.76,0,0,856336,https://www.nse.co.ke/wp-content/uploads/02-SEP-26.pdf
2026-09-02,Commercial And Services,Longhorn Publishers Ple Ord 1.00,KE2000002275,,3.46,2.35,2.95,2.64,2.68,2.93,-0.25,-8.53,28343,https://www.nse.co.ke/wp-content/uploads/02-SEP-26.pdf
2026-09-02,Commercial And Services,Nairobi Business Ventures Plc Ord. 0.50sue,KE5000000090,,5,1.19,1.4,1.38,1.39,1.38,0.01,0.72,31302,https://www.nse.co.ke/wp-content/uploads/02-SEP-26.pdf
2026-09-02,Commercial And Services,Nation Media Group Plc Ord. 2.50,KE0000000380,,22.4,10.05,16.15,15,15.5,14.7,0.8,5.44,141265,https://www.nse.co.ke/wp-content/uploads/02-SEP-26.pdf
2026-09-02,Commercial And Services,Sameer Africa Plc Ord 5.00,KKE0000000232,,21.5,2.7,19.2,18.6,18.95,19,-0.05,-0.26,19425,https://www.nse.co.ke/wp-content/uploads/02-SEP-26.pdf
2026-09-02,Commercial And Services,Standard Group Ple Ord 5.00,KE0000000455,,10.8,5.2,6.2,6,6,6.12,-0.12,-1.96,14269,https://www.nse.co.ke/wp-content/uploads/02-SEP-26.pdf
2026-09-02,Commercial And Services,TPS Eastern Africa Ltd Ord 1.00,KE0000000539,,18.7,13.05,16.5,15.3,16.45,15.45,1,6.47,50691,https://www.nse.co.ke/wp-content/uploads/02-SEP-26.pdf
2026-09-02,Commercial And Services,Uchumi Supermarket Plc Ord 5.00,KE0000000489,,2.93,0.23,1.5,1.4,1.42,1.49,-0.07,-4.7,298993,https://www.nse.co.ke/wp-content/uploads/02-SEP-26.pdf
2026-09-02,Commercial And Services,WPP Scangroup Plc Ord 1.00,KE0000000562,,3.95,1.8,2.09,2.05,2.06,2.06,0,0,23440,https://www.nse.co.ke/wp-content/uploads/02-SEP-26.pdf
2026-09-02,Construction & Allied,ARMCement Plc Ord 1.00,KE0000000034,,5.55,5.55,,,,5.55,,,,https://www.nse.co.ke/wp-content/uploads/02-SEP-26.pdf
2026-09-02,Construction & Allied,Bamburi Cement Plc Ord 5.00,KE0000000059,,84,21.3,,,,54,,,,https://www.nse.co.ke/wp-content/uploads/02-SEP-26.pdf
2026-09-02,Construction & Allied,Crown Paints Kenya Plc Ord 5.00,KE0000000141,,70.75,29,65,60.5,63,62,1,1.61,6391,https://www.nse.co.ke/wp-content/uploads/02-SEP-26.pdf
2026-09-02,Energy & Petroleum,KenGen Co. Ple Ord. 2.50,KE0000000547,,12.35,4.5,12.35,11.4,11.95,11.25,0.7,6.22,3748419,https://www.nse.co.ke/wp-content/uploads/02-SEP-26.pdf
2026-09-02,Energy & Petroleum,Kenya Pipeline Company Plc Ord 0.02,KE9900006215,,10,8.7,9.12,9,9.02,9.02,0,0,1285568,https://www.nse.co.ke/wp-content/uploads/02-SEP-26.pdf
2026-09-02,Energy & Petroleum,Kenya Power & Lighting Co Plc Ord 2.50,KE0000000349,,25,5.7,25,23.4,24.05,23.3,0.75,3.22,9628379,https://www.nse.co.ke/wp-content/uploads/02-SEP-26.pdf
2026-09-02,Energy & Petroleum,Kenya Power & Lighting Plc 4% Pref 20.00,KE4000001877,,5.02,4,,,,5,,,,https://www.nse.co.ke/wp-content/uploads/02-SEP-26.pdf
2026-09-02,Energy & Petroleum,Kenya Power & Lighting Plc 7% Pref 20.00,KE4000002982,,6,6,,,,6,,,,https://www.nse.co.ke/wp-content/uploads/02-SEP-26.pdf
2026-09-02,Energy & Petroleum,TotalEnergies Marketing Kenya Plc Ord 5.00,KE0000000463,,50,21,49.2,48.65,49,48.95,0.05,0.1,53087,https://www.nse.co.ke/wp-content/uploads/02-SEP-26.pdf
2026-09-02,Exchange Traded Funds,ABSA New Gold ETF,ZAE000060067,,6800,881,5590,5300,5370,5315,55,1.03,133,https://www.nse.co.ke/wp-content/uploads/02-SEP-26.pdf
2026-09-02,Exchange Traded Funds,Satrix MSCI World Feeder ETF,ZAE000246104,,1895,761,1210,967,971,1010,-39,-3.86,3677,https://www.nse.co.ke/wp-content/uploads/02-SEP-26.pdf
2026-09-02,Insurance,Britam Holdings Plc Ord 0.10,KE2000002192,,21.9,5.92,18.9,18.5,18.55,18.5,0.05,0.27,128670,https://www.nse.co.ke/wp-content/uploads/02-SEP-26.pdf
2026-09-02,Insurance,Jubilee Holdings Ltd Ord 5.00,KE0000000273,,437.75,182,425,410,413.75,421,-7.25,-1.72,2037,https://www.nse.co.ke/wp-content/uploads/02-SEP-26.pdf
2026-09-02,Insurance,Liberty Kenya Holdings Ltd Ord. 1.00,KKE2000002168,,12.2,8.14,9.7,9.12,9.22,9.3,-0.08,-0.86,27627,https://www.nse.co.ke/wp-content/uploads/02-SEP-26.pdf
2026-09-02,Insurance,Sanlam Allianz Holdings Kenya Ple Ord 5.00,KKE0000000414,,12.65,5.5,11,10.5,10.85,10.85,0,0,29554,https://www.nse.co.ke/wp-content/uploads/02-SEP-26.pdf
2026-09-02,Investment,Africa Mega Agricorp Plc Ord 5.00sue,KE0000000331,,195,10.4,195,187,190,178.5,11.5,6.44,274,https://www.nse.co.ke/wp-content/uploads/02-SEP-26.pdf
2026-09-02,Investment,East African Breweries Plc Ord 2.00,KE0000000216,eq,351,167,290,280,288.75,281,7.75,2.76,212205,https://www.nse.co.ke/wp-content/uploads/02-SEP-26.pdf
2026-09-02,Investment,Flame Tree Group Holdings Ltd Ord 0.825,KE4000001323,,3.11,0.9,2.15,2.02,2.07,2.15,-0.08,-3.72,79142,https://www.nse.co.ke/wp-content/uploads/02-SEP-26.pdf
2026-09-02,Investment,Home Afrika Ltd Ord 1.00,KE2000007258,,1.83,0.48,1.1,1.03,1.06,1.07,-0.01,-0.93,1472911,https://www.nse.co.ke/wp-content/uploads/02-SEP-26.pdf
2026-09-02,Investment,Kurwitu Ventures Ltd Ord 100.00sne,KE4000001216,,1500,1220,,,,1355,,,,https://www.nse.co.ke/wp-content/uploads/02-SEP-26.pdf
2026-09-02,Investment,Mumias Sugar Co. Ltd Ord 2.00,KE0000000372,,0.27,0.27,,,,0.27,,,,https://www.nse.co.ke/wp-content/uploads/02-SEP-26.pdf
2026-09-02,Investment,Olympia Capital Holdings Ltd Ord 5.00,KE0000000166,,9,1.91,8.28,8.2,8.28,8.24,0.04,0.49,15323,https://www.nse.co.ke/wp-content/uploads/02-SEP-26.pdf
2026-09-02,Investment,Shri Krishana Overseas Plc,KE9900001216,,21.6,5.8,21.35,19,19.9,20.7,-0.8,-3.86,28868,https://www.nse.co.ke/wp-content/uploads/02-SEP-26.pdf
2026-09-02,Investment,Unga Group Ltd Ord 5.00,KE0000000497,,50,18.05,50,42.85,47.15,46.2,0.95,2.06,27361,https://www.nse.co.ke/wp-content/uploads/02-SEP-26.pdf
2026-09-02,Investment Services,Nairobi Securities Exchange Plc Ord 4.00,KE3000009674,,29.5,6.5,29.5,27.6,28,27.7,0.3,1.08,1801088,https://www.nse.co.ke/wp-content/uploads/02-SEP-26.pdf
2026-09-02,Manufacturing & Allied,British American Tobacco Kenya Plc Ord 10.00,KE0000000075,xq,629,345,557,549,553,553,0,0,11916,https://www.nse.co.ke/wp-content/uploads/02-SEP-26.pdf
2026-09-02,Real Estate Investment Trust,ALP Industrial REIT NAV USD 1.0431,KE9900006322,,1.02,1,,,,1.02,,,,https://www.nse.co.ke/wp-content/uploads/02-SEP-26.pdf
2026-09-02,Real Estate Investment Trust,LAPTRUST IMARA I-REIT NAV.16.95,KE9100008870,xq,20,20,,,,20,,,,https://www.nse.co.ke/wp-content/uploads/02-SEP-26.pdf
2026-09-02,Real Estate Investment Trust,TRIFIC Green USD I-REIT NAV USD 1.00,KE9930007092,,1.23,1.23,,,,1.23,,,,https://www.nse.co.ke/wp-content/uploads/02-SEP-26.pdf
2026-09-02,Telecommunication,Safaricom Plc Ord 0.05,KE1000001402,xq,39.5,17,39,38.1,38.65,39,-0.35,-0.9,6097383,https://www.nse.co.ke/wp-content/uploads/02-SEP-26.pdf
2026-09-03,Agricultural,Eaagads Ltd Ord 1.25 sue,KE0000000208,,37,10,30.15,28.5,29.15,28.25,0.9,3.19,876,https://www.nse.co.ke/wp-content/uploads/03-SEP-26.pdf
2026-09-03,Agricultural,Kakuzi Plc Ord.5.00,KE0000000281,,460,240,439.75,415,432,432,0,0,97,https://www.nse.co.ke/wp-content/uploads/03-SEP-26.pdf
2026-09-03,Agricultural,Kapchorua Tea Kenya Plc Ord 5.00sme,KE4000001760,,424.25,81,339,310,331.75,328.5,3.25,0.99,1807,https://www.nse.co.ke/wp-content/uploads/03-SEP-26.pdf
2026-09-03,Agricultural,Sasini Plc Ord 1.00,KE0000000430,,33.9,13.6,25.45,24.5,24.85,24.4,0.45,1.84,25078,https://www.nse.co.ke/wp-content/uploads/03-SEP-26.pdf
2026-09-03,Agricultural,The Limuru Tea Co. Plc Ord 10.00sme,KE0000000356,,555,310,539,490,525,491.75,33.25,6.76,105,https://www.nse.co.ke/wp-content/uploads/03-SEP-26.pdf
2026-09-03,Agricultural,Williamson Tea Kenya Plc Ord 5.00,KE0000000505,,350,120,156.25,153,155,155.25,-0.25,-0.16,7714,https://www.nse.co.ke/wp-content/uploads/03-SEP-26.pdf
2026-09-03,Automobiles & Accessories,Car & General (K) Ltd Ord 5.00,KE0000000109,eg,409,18.5,339.75,278.75,300,309.5,-9.5,-3.07,29131,https://www.nse.co.ke/wp-content/uploads/03-SEP-26.pdf
2026-09-03,Banking,ABSA Bank Kenya Plc Ord 0.50,KE0000000067,ed,36.5,15,35.5,34.5,34.9,34.85,0.05,0.14,534801,https://www.nse.co.ke/wp-content/uploads/03-SEP-26.pdf
2026-09-03,Banking,BK Group Plc Ord 0.80,KE5000008986,,70,28.75,67,63,65,65,0,0,3708,https://www.nse.co.ke/wp-content/uploads/03-SEP-26.pdf
2026-09-03,Banking,Diamond Trust Bank Kenya Ltd Ord 4.00,KE0000000158,,198.5,66,193,190,192.25,192.75,-0.5,-0.26,118055,https://www.nse.co.ke/wp-content/uploads/03-SEP-26.pdf
2026-09-03,Banking,Equity Group Holdings Plc Ord 0.50,KE0000000554,,109,41.2,109,103,105,100,5,5,5240438,https://www.nse.co.ke/wp-content/uploads/03-SEP-26.pdf
2026-09-03,Banking,Family Bank Limited Ord 1.00,KE9930006987,,50,22,31,29.5,30.45,30.9,-0.45,-1.46,468938,https://www.nse.co.ke/wp-content/uploads/03-SEP-26.pdf
2026-09-03,Banking,HFCB Group Plc Ord 5.00,KE0000000240,,13.6,5.3,13,12.4,12.75,12.45,0.3,2.41,481128,https://www.nse.co.ke/wp-content/uploads/03-SEP-26.pdf
2026-09-03,Banking,I&M Group Plc Ord 1.00,KKE0000000125,,82,29.5,81.75,81,81,80.75,0.25,0.31,132026,https://www.nse.co.ke/wp-content/uploads/03-SEP-26.pdf
2026-09-03,Banking,KCB Group Ple Ord 1.00,KE0000000315,xd,101,35,98.5,97,97.75,99.25,-1.5,-1.51,2133874,https://www.nse.co.ke/wp-content/uploads/03-SEP-26.pdf
2026-09-03,Banking,NCBA Group Ple Ord 5.00,KE0000000406,xq,100,48,93,90,91.75,91,0.75,0.82,135235,https://www.nse.co.ke/wp-content/uploads/03-SEP-26.pdf
2026-09-03,Banking,Stanbic Holdings Plc ord.5.00,KE0000000091,eg,300,147,279.75,270,272.25,262.5,9.75,3.71,23851,https://www.nse.co.ke/wp-content/uploads/03-SEP-26.pdf
2026-09-03,Banking,Standard Chartered Bank Kenya Ltd Ord 5.00,KE0000000448,eq,370,260,350,338.75,343,340,3,0.88,18894,https://www.nse.co.ke/wp-content/uploads/03-SEP-26.pdf
2026-09-03,Banking,The Co-operative Bank of Kenya Ltd Ord 1.00,KE1000001568,,39.95,13.8,39,37,38.3,37.45,0.85,2.27,1167573,https://www.nse.co.ke/wp-content/uploads/03-SEP-26.pdf
2026-09-03,Commercial And Services,Eveready East Africa Ltd Ord.1.00sne,KE0000000588,,1.88,0.75,1.05,1.01,1.03,1.02,0.01,0.98,341915,https://www.nse.co.ke/wp-content/uploads/03-SEP-26.pdf
2026-09-03,Commercial And Services,Express Kenya Plc Ord 5.00,KE0O00000224,,10,2.7,7.48,6.6,7.02,7.3,-0.28,-3.84,25281,https://www.nse.co.ke/wp-content/uploads/03-SEP-26.pdf
2026-09-03,Commercial And Services,Homeboyz Entertainment Plc 0.50sme,KE7000001433,,4.66,4.66,,,4.66,4.66,0,0,,https://www.nse.co.ke/wp-content/uploads/03-SEP-26.pdf
2026-09-03,Commercial And Services,Kenya Airways Ltd Ord 1.00,KE0000000307,,9.18,1.56,5.8,5.64,5.72,5.76,-0.04,-0.69,1246855,https://www.nse.co.ke/wp-content/uploads/03-SEP-26.pdf
2026-09-03,Commercial And Services,Longhorn Publishers Plc Ord 1.00,KE2000002275,,3.46,2.35,2.9,2.64,2.76,2.68,0.08,2.99,12746,https://www.nse.co.ke/wp-content/uploads/03-SEP-26.pdf
2026-09-03,Commercial And Services,Nairobi Business Ventures Plc Ord. 0.50sue,KE5000000090,,5,1.19,1.4,1.3,1.38,1.39,-0.01,-0.72,21047,https://www.nse.co.ke/wp-content/uploads/03-SEP-26.pdf
2026-09-03,Commercial And Services,Nation Media Group Plc Ord. 2.50,KE0000000380,,22.4,10.05,17,15.45,16.55,15.5,1.05,6.77,101851,https://www.nse.co.ke/wp-content/uploads/03-SEP-26.pdf
2026-09-03,Commercial And Services,Sameer Africa Plc Ord 5.00,KE0000000232,,21.5,2.7,18.7,18,18.15,18.95,-0.8,-4.22,8064,https://www.nse.co.ke/wp-content/uploads/03-SEP-26.pdf
2026-09-03,Commercial And Services,Standard Group Plc Ord 5.00,KE0000000455,,10.8,5.2,6.2,5.72,6.06,6,0.06,1,2750,https://www.nse.co.ke/wp-content/uploads/03-SEP-26.pdf
2026-09-03,Commercial And Services,TPS Eastern Africa Ltd Ord 1.00,KE0000000539,,18.7,13.05,17.3,15.3,16.95,16.45,0.5,3.04,477991,https://www.nse.co.ke/wp-content/uploads/03-SEP-26.pdf
2026-09-03,Commercial And Services,Uchumi Supermarket Plc Ord 5.00,KE0000000489,,2.93,0.23,1.45,1.38,1.41,1.42,-0.01,-0.7,153030,https://www.nse.co.ke/wp-content/uploads/03-SEP-26.pdf
2026-09-03,Commercial And Services,WPP Scangroup Plc Ord 1.00,KE0000000562,,3.95,1.8,2.1,2.02,2.06,2.06,0,0,70045,https://www.nse.co.ke/wp-content/uploads/03-SEP-26.pdf
2026-09-03,Construction & Allied,ARMCement Plc Ord 1.00,KE0000000034,,5.55,5.55,,,5.55,5.55,0,0,,https://www.nse.co.ke/wp-content/uploads/03-SEP-26.pdf
2026-09-03,Construction & Allied,Bamburi Cement Plc Ord 5.00,KE0000000059,,84,21.3,,,54,54,0,0,,https://www.nse.co.ke/wp-content/uploads/03-SEP-26.pdf
2026-09-03,Construction & Allied,Crown Paints Kenya Plc Ord 5.00,KE0000000141,,70.75,29,65,61.5,64,63,1,1.59,9107,https://www.nse.co.ke/wp-content/uploads/03-SEP-26.pdf
2026-09-03,Energy & Petroleum,KenGen Co. Plc Ord. 2.50,KE0000000547,,13.1,4.5,13.1,11.95,12.6,11.95,0.65,5.44,4369063,https://www.nse.co.ke/wp-content/uploads/03-SEP-26.pdf
2026-09-03,Energy & Petroleum,Kenya Pipeline Company Plc Ord 0.02,KE9900006215,,10,8.7,9.02,9,9,9.02,-0.02,-0.22,780037,https://www.nse.co.ke/wp-content/uploads/03-SEP-26.pdf
2026-09-03,Energy & Petroleum,Kenya Power & Lighting Co Plc Ord 2.50,KE0000000349,,25,5.7,25,24,24.3,24.05,0.25,1.04,2372410,https://www.nse.co.ke/wp-content/uploads/03-SEP-26.pdf
2026-09-03,Energy & Petroleum,Kenya Power & Lighting Plc 4% Pref 20.00,KE4000001877,,5.02,4,,,5,5,0,0,,https://www.nse.co.ke/wp-content/uploads/03-SEP-26.pdf
2026-09-03,Energy & Petroleum,Kenya Power & Lighting Plc 7% Pref 20.00,KE4000002982,,6,6,,,6,6,0,0,,https://www.nse.co.ke/wp-content/uploads/03-SEP-26.pdf
2026-09-03,Energy & Petroleum,TotalEnergies Marketing Kenya Plc Ord 5.00,KE0000000463,,50,21,49.2,48.65,49,49,0,0,68550,https://www.nse.co.ke/wp-content/uploads/03-SEP-26.pdf
2026-09-03,Energy & Petroleum,Umeme Ltd Ord 0.50,60000001145,,24.75,6,6.6,6.32,6.48,6.42,0.06,0.93,37918,https://www.nse.co.ke/wp-content/uploads/03-SEP-26.pdf
2026-09-03,Exchange Traded Funds,ABSA New Gold ETF,ZAE000060067,,6800,881,5545,5300,5370,5370,0,0,549,https://www.nse.co.ke/wp-content/uploads/03-SEP-26.pdf
2026-09-03,Exchange Traded Funds,Satrix MSCI World Feeder ETF,ZAE000246104,,1895,761,1250,968,976,971,5,0.51,1032,https://www.nse.co.ke/wp-content/uploads/03-SEP-26.pdf
2026-09-03,Insurance,Britam Holdings Plc Ord 0.10,KE2000002192,,21.9,5.92,20,18.9,19.4,18.55,0.85,4.58,81940,https://www.nse.co.ke/wp-content/uploads/03-SEP-26.pdf
2026-09-03,Insurance,Jubilee Holdings Ltd Ord 5.00,KE0000000273,eq,437.75,182,424.75,409,411.75,413.75,-2,-0.48,5426,https://www.nse.co.ke/wp-content/uploads/03-SEP-26.pdf
2026-09-03,Insurance,Liberty Kenya Holdings Ltd Ord. 1.00,KE2000002168,,12.2,8.14,9.6,9.3,9.52,9.22,0.3,3.25,3411,https://www.nse.co.ke/wp-content/uploads/03-SEP-26.pdf
2026-09-03,Insurance,Sanlam Allianz Holdings Kenya Plc Ord 5.00,KE0000000414,,12.65,5.5,10.9,10.5,10.8,10.85,-0.05,-0.46,20025,https://www.nse.co.ke/wp-content/uploads/03-SEP-26.pdf
2026-09-03,Investment,Africa Mega Agricorp Plc Ord 5.00sne,KE0000000331,,209,10.4,209,195,204.25,190,14.25,7.5,1184,https://www.nse.co.ke/wp-content/uploads/03-SEP-26.pdf
2026-09-03,Investment,East African Breweries Plc Ord 2.00,KE0000000216,eq,351,167,296,282,296,288.75,7.25,2.51,3107132,https://www.nse.co.ke/wp-content/uploads/03-SEP-26.pdf
2026-09-03,Investment,Flame Tree Group Holdings Ltd Ord 0.825,KE4000001323,,3.11,0.9,2.1,2,2.03,2.07,-0.04,-1.93,290850,https://www.nse.co.ke/wp-content/uploads/03-SEP-26.pdf
2026-09-03,Investment,Home Afrika Ltd Ord 1.00,KEZ000007258,,1.83,0.48,1.16,1.06,1.13,1.06,0.07,6.6,144317,https://www.nse.co.ke/wp-content/uploads/03-SEP-26.pdf
2026-09-03,Investment,Kurwitu Ventures Ltd Ord 100.00sue,KE4000001216,,1500,1220,1490,1355,1355,1355,0,0,6,https://www.nse.co.ke/wp-content/uploads/03-SEP-26.pdf
2026-09-03,Investment,Mumias Sugar Co. Ltd Ord 2.00,KE0000000372,,0.27,0.27,,,0.27,0.27,0,0,,https://www.nse.co.ke/wp-content/uploads/03-SEP-26.pdf
2026-09-03,Investment,Olympia Capital Holdings Ltd Ord 5.00,KE0000000166,,9,1.91,8.5,8.2,8.3,8.28,0.02,0.24,15201,https://www.nse.co.ke/wp-content/uploads/03-SEP-26.pdf
2026-09-03,Investment,Shri Krishana Overseas Plc,KE9900001216,,21.6,5.8,20,19.2,19.7,19.9,-0.2,-1.01,7399,https://www.nse.co.ke/wp-content/uploads/03-SEP-26.pdf
2026-09-03,Investment,Unga Group Ltd Ord 5.00,KE0000000497,,50,18.05,49.8,43,43.6,47.15,-3.55,-7.53,35336,https://www.nse.co.ke/wp-content/uploads/03-SEP-26.pdf
2026-09-03,Investment Services,Nairobi Securities Exchange Plc Ord 4.00,KE3000009674,,29.75,6.5,29.75,29,29.45,28,1.45,5.18,411306,https://www.nse.co.ke/wp-content/uploads/03-SEP-26.pdf
2026-09-03,Manufacturing & Allied,British American Tobacco Kenya Plc Ord 10.00,KE0000000075,xq,629,345,570,551,560,553,7,1.27,3331,https://www.nse.co.ke/wp-content/uploads/03-SEP-26.pdf
2026-09-03,Real Estate Investment Trust,ALP Industrial REIT NAV USD 1.0431,KE9900006322,,1.02,1,,,,1.02,,,,https://www.nse.co.ke/wp-content/uploads/03-SEP-26.pdf
2026-09-03,Real Estate Investment Trust,LAPTRUST IMARA I-REIT NAV.16.95,KE9100008870,xq,20,20,,,,20,,,,https://www.nse.co.ke/wp-content/uploads/03-SEP-26.pdf
2026-09-03,Real Estate Investment Trust,TRIFIC Green USD I-REIT NAV USD 1.00,KE9930007092,,1.23,1.23,,,,1.23,,,,https://www.nse.co.ke/wp-content/uploads/03-SEP-26.pdf
2026-09-03,Telecommunication,Safaricom Plc Ord 0.05,KE1000001402,xq,39.5,17,38.6,36.75,37.95,38.65,-0.7,-1.81,1292465,https://www.nse.co.ke/wp-content/uploads/03-SEP-26.pdf
2026-09-04,Agricultural,Eaagads Ltd Ord 1.25 sue,KE0000000208,,37,10,30.15,26.5,27.8,29.15,-1.35,-4.63,7633,https://www.nse.co.ke/wp-content/uploads/04-SEP-26.pdf
2026-09-04,Agricultural,Kakuzi Plc Ord.5.00,KE0000000281,,460,240,430,420,429.75,432,-2.25,-0.52,244,https://www.nse.co.ke/wp-content/uploads/04-SEP-26.pdf
2026-09-04,Agricultural,Kapchorua Tea Kenya Plc Ord 5.00sme,KE4000001760,,424.25,81,341,328,335,331.75,3.25,0.98,2810,https://www.nse.co.ke/wp-content/uploads/04-SEP-26.pdf
2026-09-04,Agricultural,Sasini Plc Ord 1.00,KE0000000430,,33.9,13.6,25.4,24.85,25.05,24.85,0.2,0.8,17361,https://www.nse.co.ke/wp-content/uploads/04-SEP-26.pdf
2026-09-04,Agricultural,The Limuru Tea Co. Plc Ord 10.00sme,KE0000000356,,555,310,530,490,525,525,0,0,27,https://www.nse.co.ke/wp-content/uploads/04-SEP-26.pdf
2026-09-04,Agricultural,Williamson Tea Kenya Plc Ord 5.00,KE0000000505,,350,120,157,155.5,156.25,155,1.25,0.81,11398,https://www.nse.co.ke/wp-content/uploads/04-SEP-26.pdf
2026-09-04,Automobiles & Accessories,Car & General (K) Ltd Ord 5.00,KE0000000109,xd,409,18.5,300,279,283.5,300,-16.5,-5.5,17722,https://www.nse.co.ke/wp-content/uploads/04-SEP-26.pdf
2026-09-04,Banking,ABSA Bank Kenya Plc Ord 0.50,KE0000000067,ed,36.5,15,35,34.75,34.95,34.9,0.05,0.14,265172,https://www.nse.co.ke/wp-content/uploads/04-SEP-26.pdf
2026-09-04,Banking,BK Group Plc Ord 0.80,KE5000008986,,70,28.75,67,64,65,65,0,0,4875,https://www.nse.co.ke/wp-content/uploads/04-SEP-26.pdf
2026-09-04,Banking,Diamond Trust Bank Kenya Ltd Ord 4.00,KE0000000158,,198.5,66,195,191.75,192.5,192.25,0.25,0.13,700079,https://www.nse.co.ke/wp-content/uploads/04-SEP-26.pdf
2026-09-04,Banking,Equity Group Holdings Plc Ord 0.50,KE0000000554,,109,41.2,108,105,106,105,1,0.95,4294031,https://www.nse.co.ke/wp-content/uploads/04-SEP-26.pdf
2026-09-04,Banking,Family Bank Limited Ord 1.00,KE9930006987,,50,22,30.9,30,30.4,30.45,-0.05,-0.16,573656,https://www.nse.co.ke/wp-content/uploads/04-SEP-26.pdf
2026-09-04,Banking,HFCB Group Plc Ord 5.00,KE0000000240,,13.6,5.3,13,12.7,13,12.75,0.25,1.95,,https://www.nse.co.ke/wp-content/uploads/04-SEP-26.pdf
2026-09-04,Banking,I&M Group Plc Ord 1.00,KKE0000000125,,82.5,29.5,82.5,81,81.75,81,0.75,0.93,48169,https://www.nse.co.ke/wp-content/uploads/04-SEP-26.pdf
2026-09-04,Banking,KCB Group Ple Ord 1.00,KE0000000315,xd,101,35,100,97,98,97.75,0.25,0.26,2992189,https://www.nse.co.ke/wp-content/uploads/04-SEP-26.pdf
2026-09-04,Banking,NCBA Group Ple Ord 5.00,KE0000000406,xq,100,48,93,91.5,92.5,91.75,0.75,0.82,107415,https://www.nse.co.ke/wp-content/uploads/04-SEP-26.pdf
2026-09-04,Banking,Stanbic Holdings Plc ord.5.00,KE0000000091,eq,300,147,279.75,275,279,272.25,6.75,2.48,7575,https://www.nse.co.ke/wp-content/uploads/04-SEP-26.pdf
2026-09-04,Banking,Standard Chartered Bank Kenya Ltd Ord 5.00,KE0000000448,eq,370,260,350,343,349.25,343,6.25,1.82,20369,https://www.nse.co.ke/wp-content/uploads/04-SEP-26.pdf
2026-09-04,Banking,The Co-operative Bank of Kenya Ltd Ord 1.00,KE1000001568,,39.95,13.8,38.95,37.5,38.55,38.3,0.25,0.65,837120,https://www.nse.co.ke/wp-content/uploads/04-SEP-26.pdf
2026-09-04,Commercial And Services,Deacons (East Africa) Plc Ord 2.50,KE5000005438,s,0.45,0.45,,,0.45,0.45,0,0,,https://www.nse.co.ke/wp-content/uploads/04-SEP-26.pdf
2026-09-04,Commercial And Services,Eveready East Africa Ltd Ord.1.00sue,KE0000000588,,1.88,0.75,1.03,1,1.01,1.03,-0.02,-1.94,346765,https://www.nse.co.ke/wp-content/uploads/04-SEP-26.pdf
2026-09-04,Commercial And Services,Express Kenya Plc Ord 5.00,KE0000000224,,10,2.7,7.4,7,7.28,7.02,0.26,3.7,8199,https://www.nse.co.ke/wp-content/uploads/04-SEP-26.pdf
2026-09-04,Commercial And Services,Homeboyz Entertainment Plc 0.50sue,KE7000001433,,4.66,4.66,,,4.66,4.66,0,0,,https://www.nse.co.ke/wp-content/uploads/04-SEP-26.pdf
2026-09-04,Commercial And Services,Kenya Airways Ltd Ord 1.00,KE0000000307,,9.18,1.56,5.8,5.7,5.72,5.72,0,0,812055,https://www.nse.co.ke/wp-content/uploads/04-SEP-26.pdf
2026-09-04,Commercial And Services,Longhorn Publishers Ple Ord 1.00,KE2000002275,,3.46,2.35,3.03,2.65,2.99,2.76,0.23,8.33,127811,https://www.nse.co.ke/wp-content/uploads/04-SEP-26.pdf
2026-09-04,Commercial And Services,Nairobi Business Ventures Plc Ord. 0.50sue,KE5000000090,,5,1.19,1.38,1.3,1.35,1.38,-0.03,-2.17,24029,https://www.nse.co.ke/wp-content/uploads/04-SEP-26.pdf
2026-09-04,Commercial And Services,Nation Media Group Plc Ord. 2.50,KE0000000380,,22.4,10.05,18,16.75,17.25,16.55,0.7,4.23,105048,https://www.nse.co.ke/wp-content/uploads/04-SEP-26.pdf
2026-09-04,Commercial And Services,Sameer Africa Plc Ord 5.00,KKE0000000232,,21.5,2.7,19.25,18.1,18.9,18.15,0.75,4.13,71668,https://www.nse.co.ke/wp-content/uploads/04-SEP-26.pdf
2026-09-04,Commercial And Services,Standard Group Ple Ord 5.00,KE0000000455,,10.8,5.2,6.2,5.7,6.1,6.06,0.04,0.66,1682,https://www.nse.co.ke/wp-content/uploads/04-SEP-26.pdf
2026-09-04,Commercial And Services,TPS Eastern Africa Ltd Ord 1.00,KE0000000539,,18.7,13.05,18.6,17,18,16.95,1.05,6.19,85185,https://www.nse.co.ke/wp-content/uploads/04-SEP-26.pdf
2026-09-04,Commercial And Services,Uchumi Supermarket Plc Ord 5.00,KE0000000489,,2.93,0.23,1.48,1.4,1.45,1.41,0.04,2.84,519286,https://www.nse.co.ke/wp-content/uploads/04-SEP-26.pdf
2026-09-04,Commercial And Services,WPP Scangroup Plc Ord 1.00,KE0000000562,,3.95,1.8,2.1,2.03,2.06,2.06,0,0,48663,https://www.nse.co.ke/wp-content/uploads/04-SEP-26.pdf
2026-09-04,Construction & Allied,ARMCement Plc Ord 1.00,KE0000000034,,5.55,5.55,,,5.55,5.55,0,0,,https://www.nse.co.ke/wp-content/uploads/04-SEP-26.pdf
2026-09-04,Construction & Allied,Bamburi Cement Plc Ord 5.00,KE0000000059,,84,21.3,,,54,54,0,0,,https://www.nse.co.ke/wp-content/uploads/04-SEP-26.pdf
2026-09-04,Construction & Allied,Crown Paints Kenya Plc Ord 5.00,KE0000000141,,70.75,29,65,62,63.75,64,-0.25,-0.39,1806,https://www.nse.co.ke/wp-content/uploads/04-SEP-26.pdf
2026-09-04,Energy & Petroleum,KenGen Co. Ple Ord. 2.50,KE0000000547,,13.1,4.5,12.85,12.2,12.55,12.6,-0.05,-0.4,1617336,https://www.nse.co.ke/wp-content/uploads/04-SEP-26.pdf
2026-09-04,Energy & Petroleum,Kenya Pipeline Company Plc Ord 0.02,KE9900006215,,10,8.7,9.02,9,9,9,0,0,1339251,https://www.nse.co.ke/wp-content/uploads/04-SEP-26.pdf
2026-09-04,Energy & Petroleum,Kenya Power & Lighting Co Plc Ord 2.50,KE0000000349,,25,5.7,24.4,23.75,24,24.3,-0.3,-1.23,821115,https://www.nse.co.ke/wp-content/uploads/04-SEP-26.pdf
2026-09-04,Energy & Petroleum,Kenya Power & Lighting Plc 4% Pref 20.00,KE4000001877,,5.02,4,,,5,5,0,0,,https://www.nse.co.ke/wp-content/uploads/04-SEP-26.pdf
2026-09-04,Energy & Petroleum,Kenya Power & Lighting Plc 7% Pref 20.00,KE4000002982,,6,6,,,6,6,0,0,,https://www.nse.co.ke/wp-content/uploads/04-SEP-26.pdf
2026-09-04,Energy & Petroleum,TotalEnergies Marketing Kenya Plc Ord 5.00,KE0000000463,,50.25,21,50.25,48.6,49.8,49,0.8,1.63,147197,https://www.nse.co.ke/wp-content/uploads/04-SEP-26.pdf
2026-09-04,Exchange Traded Funds,ABSA New Gold ETF,ZAE000060067,,6800,881,5500,5330,5370,5370,0,0,92,https://www.nse.co.ke/wp-content/uploads/04-SEP-26.pdf
2026-09-04,Exchange Traded Funds,Satrix MSCI World Feeder ETF,ZAE000246104,,1895,761,1170,980,999,976,23,2.36,1623,https://www.nse.co.ke/wp-content/uploads/04-SEP-26.pdf
2026-09-04,Insurance,Britam Holdings Plc Ord 0.10,KE2000002192,,21.9,5.92,21.3,19.5,20.4,19.4,1,5.15,424779,https://www.nse.co.ke/wp-content/uploads/04-SEP-26.pdf
2026-09-04,Insurance,Jubilee Holdings Ltd Ord 5.00,KE0000000273,,437.75,182,415,411,415,411.75,3.25,0.79,1112,https://www.nse.co.ke/wp-content/uploads/04-SEP-26.pdf
2026-09-04,Insurance,Liberty Kenya Holdings Ltd Ord. 1.00,KKE2000002168,,12.2,8.14,9.6,9.12,9.26,9.52,-0.26,-2.73,44132,https://www.nse.co.ke/wp-content/uploads/04-SEP-26.pdf
2026-09-04,Insurance,Sanlam Allianz Holdings Kenya Ple Ord 5.00,KKE0000000414,,12.65,5.5,11.1,10.5,10.65,10.8,-0.15,-1.39,27379,https://www.nse.co.ke/wp-content/uploads/04-SEP-26.pdf
2026-09-04,Investment,Africa Mega Agricorp Plc Ord 5.00sne,KE0000000331,,224.5,10.4,224.5,204,216.75,204.25,12.5,6.12,1859,https://www.nse.co.ke/wp-content/uploads/04-SEP-26.pdf
2026-09-04,Investment,East African Breweries Plc Ord 2.00,KE0000000216,eq,351,167,295,285,290.5,296,-5.5,-1.86,23763,https://www.nse.co.ke/wp-content/uploads/04-SEP-26.pdf
2026-09-04,Investment,Flame Tree Group Holdings Ltd Ord 0.825,KE4000001323,,3.11,0.9,2.15,2.03,2.1,2.03,0.07,3.45,279239,https://www.nse.co.ke/wp-content/uploads/04-SEP-26.pdf
2026-09-04,Investment,Home Afrika Ltd Ord 1.00,KE2000007258,,1.83,0.48,1.19,1.12,1.16,1.13,0.03,2.65,1035535,https://www.nse.co.ke/wp-content/uploads/04-SEP-26.pdf
2026-09-04,Investment,Kurwitu Ventures Ltd Ord 100.00sne,KE4000001216,,1500,1220,1490,1490,1355,1355,0,0,7,https://www.nse.co.ke/wp-content/uploads/04-SEP-26.pdf
2026-09-04,Investment,Mumias Sugar Co. Ltd Ord 2.00,KE0000000372,,0.27,0.27,,,0.27,0.27,0,0,,https://www.nse.co.ke/wp-content/uploads/04-SEP-26.pdf
2026-09-04,Investment,Olympia Capital Holdings Ltd Ord 5.00,KE0000000166,,9,1.91,8.48,8.2,8.46,8.3,0.16,1.93,3655,https://www.nse.co.ke/wp-content/uploads/04-SEP-26.pdf
2026-09-04,Investment,Shri Krishana Overseas Plc,KE9900001216,,21.6,5.8,19.7,17.75,18.4,19.7,-1.3,-6.6,22753,https://www.nse.co.ke/wp-content/uploads/04-SEP-26.pdf
2026-09-04,Investment,Unga Group Ltd Ord 5.00,KE0000000497,,50,18.05,47.5,44.25,45.5,43.6,1.9,4.36,6244,https://www.nse.co.ke/wp-content/uploads/04-SEP-26.pdf
2026-09-04,Investment Services,Nairobi Securities Exchange Plc Ord 4.00,KE3000009674,,29.75,6.5,29.5,28.9,29.25,29.45,-0.2,-0.68,188130,https://www.nse.co.ke/wp-content/uploads/04-SEP-26.pdf
2026-09-04,Manufacturing & Allied,British American Tobacco Kenya Plc Ord 10.00,KE0000000075,xq,629,345,570,560,567,560,7,1.25,4174,https://www.nse.co.ke/wp-content/uploads/04-SEP-26.pdf
2026-09-04,Real Estate Investment Trust,ALP Industrial REIT NAV USD 1.0431,KE9900006322,,1.02,1,,,,1.02,,,,https://www.nse.co.ke/wp-content/uploads/04-SEP-26.pdf
2026-09-04,Real Estate Investment Trust,LAPTRUST IMARA I-REIT NAV.16.95,KE9100008870,xq,20,20,,,,20,,,,https://www.nse.co.ke/wp-content/uploads/04-SEP-26.pdf
2026-09-04,Real Estate Investment Trust,TRIFIC Green USD I-REIT NAV USD 1.00,KE9930007092,,1.23,1.23,,,,1.23,,,,https://www.nse.co.ke/wp-content/uploads/04-SEP-26.pdf
2026-09-04,Telecommunication,Safaricom Plc Ord 0.05,KE1000001402,xq,39.5,17,38.4,37.45,37.65,37.95,-0.3,-0.79,2264117,https://www.nse.co.ke/wp-content/uploads/04-SEP-26.pdf
2026-09-07,Agricultural,Eaagads Ltd Ord 1.25 sue,KEOOOOC00Z08,,37,10,30.15,27,29.65,27.8,1.85,6.65,12923,https://www.nse.co.ke/wp-content/uploads/07-SEP-26.pdf
2026-09-07,Agricultural,Kakuzi Plc Ord.5.00,KE0000000281,,460,240,439.75,422.75,431.75,429.75,2,0.47,409,https://www.nse.co.ke/wp-content/uploads/07-SEP-26.pdf
2026-09-07,Agricultural,Kapchorua Tea Kenya Plc Ord 5.00sue,KE4000001760,,424.25,81,342.75,329,334.25,335,-0.75,-0.22,1274,https://www.nse.co.ke/wp-content/uploads/07-SEP-26.pdf
2026-09-07,Agricultural,Sasini Plc Ord 1.00,KE0000000430,,33.9,13.6,25,24.5,24.85,25.05,-0.2,-0.8,8945,https://www.nse.co.ke/wp-content/uploads/07-SEP-26.pdf
2026-09-07,Agricultural,"The Limuru Tea Co. Plc Ord 10,00sne",KE0000000356,,555,310,530,510,525,525,0,0,32,https://www.nse.co.ke/wp-content/uploads/07-SEP-26.pdf
2026-09-07,Agricultural,Williamson Tea Kenya Plc Ord 5.00,KE0000000505,,350,120,158,155,156.25,156.25,0,0,12032,https://www.nse.co.ke/wp-content/uploads/07-SEP-26.pdf
2026-09-07,Automobiles & Accessories,Car & General (K) Ltd Ord 5.00,KE0000000109,xq,409,18.5,310.25,298.5,304.25,283.5,20.75,7.32,14380,https://www.nse.co.ke/wp-content/uploads/07-SEP-26.pdf
2026-09-07,Banking,ABSA Bank Kenya Plc Ord 0.50,KE0000000067,cq,36.5,15,35,34.6,34.85,34.95,-0.1,-0.29,191501,https://www.nse.co.ke/wp-content/uploads/07-SEP-26.pdf
2026-09-07,Banking,BK Group Plc Ord 0.80,KE5000008986,,70,28.75,67,64,65.25,65,0.25,0.38,6544,https://www.nse.co.ke/wp-content/uploads/07-SEP-26.pdf
2026-09-07,Banking,Diamond Trust Bank Kenya Ltd Ord 4.00,KE0000000158,,198.5,66,193.25,191.5,192,192.5,-0.5,-0.26,809634,https://www.nse.co.ke/wp-content/uploads/07-SEP-26.pdf
2026-09-07,Banking,Equity Group Holdings Plc Ord 0.50,KE0000000554,,109,41.2,107.75,101.5,105.5,106,-0.5,-0.47,3103688,https://www.nse.co.ke/wp-content/uploads/07-SEP-26.pdf
2026-09-07,Banking,Family Bank Limited Ord 1.00,KE9930006987,,50,22,30.8,30,30.25,30.4,-0.15,-0.49,906615,https://www.nse.co.ke/wp-content/uploads/07-SEP-26.pdf
2026-09-07,Banking,HFCB Group Plc Ord 5.00,KE0000000240,,13.6,5.3,13.2,12.75,13,13,0,0,9993810,https://www.nse.co.ke/wp-content/uploads/07-SEP-26.pdf
2026-09-07,Banking,I&M Group Plc Ord 1.00,KE0000000125,,82.5,29.5,82.5,81.25,82,81.75,0.25,0.31,532087,https://www.nse.co.ke/wp-content/uploads/07-SEP-26.pdf
2026-09-07,Banking,KCB Group Plc Ord 1.00,KE0000000315,xq,101,35,100,97.75,98.5,98,0.5,0.51,385607,https://www.nse.co.ke/wp-content/uploads/07-SEP-26.pdf
2026-09-07,Banking,NCBA Group Plc Ord 5.00,KE0000000406,xq,100,48,93,91.75,92.25,92.5,-0.25,-0.27,69884,https://www.nse.co.ke/wp-content/uploads/07-SEP-26.pdf
2026-09-07,Banking,Stanbic Holdings Plc ord.5.00,KE0000000091,eq,300,147,280,275,279.5,279,0.5,0.18,4059,https://www.nse.co.ke/wp-content/uploads/07-SEP-26.pdf
2026-09-07,Banking,Standard Chartered Bank Kenya Ltd Ord 5.00,KE0000000448,cq,370,260,350,343,345.5,349.25,-3.75,-1.07,15484,https://www.nse.co.ke/wp-content/uploads/07-SEP-26.pdf
2026-09-07,Banking,The Co-operative Bank of Kenya Ltd Ord 1.00,KE1000001568,,39.95,13.8,38.7,36.9,38.15,38.55,-0.4,-1.04,977085,https://www.nse.co.ke/wp-content/uploads/07-SEP-26.pdf
2026-09-07,Commercial And Services,Deacons (East Africa) Plc Ord 2.50,KE5000005438,s,0.45,0.45,,,0.45,0.45,0,0,,https://www.nse.co.ke/wp-content/uploads/07-SEP-26.pdf
2026-09-07,Commercial And Services,Eveready East Africa Ltd Ord.1.00sue,KE0000000588,,1.88,0.75,1.04,1.01,1.02,1.01,0.01,0.99,166754,https://www.nse.co.ke/wp-content/uploads/07-SEP-26.pdf
2026-09-07,Commercial And Services,Express Kenya Plc Ord 5.00,KE0000000224,,10,2.7,7.4,6.8,6.98,7.28,-0.3,-4.12,7306,https://www.nse.co.ke/wp-content/uploads/07-SEP-26.pdf
2026-09-07,Commercial And Services,Homeboyz Entertainment Plc 0.50sue,KE7000001433,,4.66,4.66,,,4.66,4.66,0,0,,https://www.nse.co.ke/wp-content/uploads/07-SEP-26.pdf
2026-09-07,Commercial And Services,Kenya Airways Ltd Ord 1.00,KE0000000307,,9.18,1.56,5.8,5.68,5.7,5.72,-0.02,-0.35,996867,https://www.nse.co.ke/wp-content/uploads/07-SEP-26.pdf
2026-09-07,Commercial And Services,Longhorn Publishers Ple Ord 1.00,KE2000002275,,3.46,2.35,3.03,2.7,2.79,2.99,-0.2,-6.69,10743,https://www.nse.co.ke/wp-content/uploads/07-SEP-26.pdf
2026-09-07,Commercial And Services,Nairobi Business Ventures Plc Ord. 0.50sue,KE5000000090,,5,1.19,1.38,1.31,1.34,1.35,-0.01,-0.74,17322,https://www.nse.co.ke/wp-content/uploads/07-SEP-26.pdf
2026-09-07,Commercial And Services,Nation Media Group Plc Ord. 2.50,KE0000000380,,22.4,10.05,18,16.9,17.1,17.25,-0.15,-0.87,62002,https://www.nse.co.ke/wp-content/uploads/07-SEP-26.pdf
2026-09-07,Commercial And Services,Sameer Africa Plc Ord 5.00,KKE0000000232,,21.5,2.7,19.25,18.2,19.15,18.9,0.25,1.32,21703,https://www.nse.co.ke/wp-content/uploads/07-SEP-26.pdf
2026-09-07,Commercial And Services,Standard Group Ple Ord 5.00,KE0000000455,,10.8,5.2,6.2,5.7,6.14,6.1,0.04,0.66,1482,https://www.nse.co.ke/wp-content/uploads/07-SEP-26.pdf
2026-09-07,Commercial And Services,TPS Eastern Africa Ltd Ord 1.00,KE0000000539,,19.8,13.05,19.8,17,18.75,18,0.75,4.17,18149,https://www.nse.co.ke/wp-content/uploads/07-SEP-26.pdf
2026-09-07,Commercial And Services,Uchumi Supermarket Plc Ord 5.00,KE0000000489,,2.93,0.23,1.47,1.4,1.45,1.45,0,0,113133,https://www.nse.co.ke/wp-content/uploads/07-SEP-26.pdf
2026-09-07,Commercial And Services,WPP Scangroup Plc Ord 1.00,KE0000000562,,3.95,1.8,2.1,2,2.03,2.06,-0.03,-1.46,69888,https://www.nse.co.ke/wp-content/uploads/07-SEP-26.pdf
2026-09-07,Construction & Allied,ARMCement Plc Ord 1.00,KE0000000034,,5.55,5.55,,,5.55,5.55,0,0,,https://www.nse.co.ke/wp-content/uploads/07-SEP-26.pdf
2026-09-07,Construction & Allied,Bamburi Cement Plc Ord 5.00,KE0000000059,,84,21.3,,,54,54,0,0,,https://www.nse.co.ke/wp-content/uploads/07-SEP-26.pdf
2026-09-07,Construction & Allied,Crown Paints Kenya Plc Ord 5.00,KE0000000141,,70.75,29,65,61.5,63.25,63.75,-0.5,-0.78,421,https://www.nse.co.ke/wp-content/uploads/07-SEP-26.pdf
2026-09-07,Energy & Petroleum,KenGen Co. Ple Ord. 2.50,KE0000000547,eq,13.1,4.5,11.4,10.5,11.05,12.55,-1.5,-11.95,3661270,https://www.nse.co.ke/wp-content/uploads/07-SEP-26.pdf
2026-09-07,Energy & Petroleum,Kenya Pipeline Company Plc Ord 0.02,KE9900006215,,10,8.7,9.08,9,9,9,0,0,377477,https://www.nse.co.ke/wp-content/uploads/07-SEP-26.pdf
2026-09-07,Energy & Petroleum,Kenya Power & Lighting Co Plc Ord 2.50,KE0000000349,,25,5.7,24,23.3,23.5,24,-0.5,-2.08,1094200,https://www.nse.co.ke/wp-content/uploads/07-SEP-26.pdf
2026-09-07,Energy & Petroleum,Kenya Power & Lighting Plc 4% Pref 20.00,KE4000001877,,5.02,4,,,5,5,0,0,,https://www.nse.co.ke/wp-content/uploads/07-SEP-26.pdf
2026-09-07,Energy & Petroleum,Kenya Power & Lighting Plc 7% Pref 20.00,KE4000002982,,6,6,,,6,6,0,0,,https://www.nse.co.ke/wp-content/uploads/07-SEP-26.pdf
2026-09-07,Energy & Petroleum,TotalEnergies Marketing Kenya Plc Ord 5.00,KE0000000463,,50.25,21,50.25,48.6,50.25,49.8,0.45,0.9,70833,https://www.nse.co.ke/wp-content/uploads/07-SEP-26.pdf
2026-09-07,Energy & Petroleum,Umeme Ltd Ord 0.50,60000001145,,24.75,6,6.72,6.26,6.4,6.34,0.06,0.95,82300,https://www.nse.co.ke/wp-content/uploads/07-SEP-26.pdf
2026-09-07,Exchange Traded Funds,ABSA New Gold ETF,ZAE000060067,,6800,881,5450,5350,5370,5370,0,0,69,https://www.nse.co.ke/wp-content/uploads/07-SEP-26.pdf
2026-09-07,Exchange Traded Funds,Satrix MSCI World Feeder ETF,ZAE000246104,,1895,761,1250,980,990,999,-9,-0.9,1307,https://www.nse.co.ke/wp-content/uploads/07-SEP-26.pdf
2026-09-07,Insurance,Britam Holdings Plc Ord 0.10,KE2000002192,,22.3,5.92,22.3,20.1,21.35,20.4,0.95,4.66,544242,https://www.nse.co.ke/wp-content/uploads/07-SEP-26.pdf
2026-09-07,Insurance,Jubilee Holdings Ltd Ord 5.00,KE0000000273,,437.75,182,420,413,416.5,415,1.5,0.36,14239,https://www.nse.co.ke/wp-content/uploads/07-SEP-26.pdf
2026-09-07,Insurance,Liberty Kenya Holdings Ltd Ord. 1.00,KKE2000002168,,12.2,8.14,9.68,9.12,9.22,9.26,-0.04,-0.43,7901,https://www.nse.co.ke/wp-content/uploads/07-SEP-26.pdf
2026-09-07,Insurance,Sanlam Allianz Holdings Kenya Ple Ord 5.00,KKE0000000414,,12.65,5.5,11,10.05,10.25,10.65,-0.4,-3.76,9623,https://www.nse.co.ke/wp-content/uploads/07-SEP-26.pdf
2026-09-07,Investment,Africa Mega Agricorp Plc Ord 5.00sue,KE0000000331,,238.25,10.4,238.25,220.75,230.25,216.75,13.5,6.23,1385,https://www.nse.co.ke/wp-content/uploads/07-SEP-26.pdf
2026-09-07,Investment,East African Breweries Plc Ord 2.00,KE0000000216,eq,351,167,290,283.5,286.5,290.5,-4,-1.38,10577,https://www.nse.co.ke/wp-content/uploads/07-SEP-26.pdf
2026-09-07,Investment,Flame Tree Group Holdings Ltd Ord 0.825,KE4000001323,,3.11,0.9,2.11,2.03,2.06,2.1,-0.04,-1.9,80410,https://www.nse.co.ke/wp-content/uploads/07-SEP-26.pdf
2026-09-07,Investment,Home Afrika Ltd Ord 1.00,KE2000007258,,1.83,0.48,1.17,1.09,1.1,1.16,-0.06,-5.17,203148,https://www.nse.co.ke/wp-content/uploads/07-SEP-26.pdf
2026-09-07,Investment,Kurwitu Ventures Ltd Ord 100.00sne,KE4000001216,,1500,1220,1490,1225,1355,1355,0,0,6,https://www.nse.co.ke/wp-content/uploads/07-SEP-26.pdf
2026-09-07,Investment,Mumias Sugar Co. Ltd Ord 2.00,KE0000000372,,0.27,0.27,,,0.27,0.27,0,0,,https://www.nse.co.ke/wp-content/uploads/07-SEP-26.pdf
2026-09-07,Investment,Olympia Capital Holdings Ltd Ord 5.00,KE0000000166,,9,1.91,8.48,7.86,8.4,8.46,-0.06,-0.71,3169,https://www.nse.co.ke/wp-content/uploads/07-SEP-26.pdf
2026-09-07,Investment,Shri Krishana Overseas Plc,KE9900001216,,21.6,5.8,19.4,17,17.65,18.4,-0.75,-4.08,19875,https://www.nse.co.ke/wp-content/uploads/07-SEP-26.pdf
2026-09-07,Investment,Unga Group Ltd Ord 5.00,KE0000000497,,50,18.05,45,41.5,43.2,45.5,-2.3,-5.05,41006,https://www.nse.co.ke/wp-content/uploads/07-SEP-26.pdf
2026-09-07,Investment Services,Nairobi Securities Exchange Plc Ord 4.00,KE3000009674,,29.75,6.5,29.4,27,28.7,29.25,-0.55,-1.88,158000,https://www.nse.co.ke/wp-content/uploads/07-SEP-26.pdf
2026-09-07,Manufacturing & Allied,British American Tobacco Kenya Plc Ord 10.00,KE0000000075,xq,629,345,570,565,568,567,1,0.18,6016,https://www.nse.co.ke/wp-content/uploads/07-SEP-26.pdf
2026-09-07,Real Estate Investment Trust,ALP Industrial REIT NAV USD 1.0431,KE9900006322,,1.02,1,,,1.02,1.02,0,0,,https://www.nse.co.ke/wp-content/uploads/07-SEP-26.pdf
2026-09-07,Real Estate Investment Trust,LAPTRUST IMARA I-REIT NAV.16.95,KE9100008870,xq,20,20,,,20,20,0,0,,https://www.nse.co.ke/wp-content/uploads/07-SEP-26.pdf
2026-09-07,Real Estate Investment Trust,TRIFIC Green USD I-REIT NAV USD 1.00,KE9930007092,,1.23,1.23,,,1.23,1.23,0,0,,https://www.nse.co.ke/wp-content/uploads/07-SEP-26.pdf
2026-09-07,Telecommunication,Safaricom Plc Ord 0.05,KE1000001402,,39.5,17,38,37,37.4,37.65,-0.25,-0.66,2595652,https://www.nse.co.ke/wp-content/uploads/07-SEP-26.pdf
2026-09-08,Agricultural,Eaagads Ltd Ord 1.25 sue,KE0000000208,,37,10,30.1,27,29.8,29.65,0.15,0.51,7141,https://www.nse.co.ke/wp-content/uploads/08-SEP-26.pdf
2026-09-08,Agricultural,Kakuzi Plc Ord.5.00,KE0000000281,,460,240,439.5,422.75,435.25,431.75,3.5,0.81,295,https://www.nse.co.ke/wp-content/uploads/08-SEP-26.pdf
2026-09-08,Agricultural,Kapchorua Tea Kenya Plc Ord 5.00sme,KE4000001760,,424.25,81,342,335,341,334.25,6.75,2.02,1257,https://www.nse.co.ke/wp-content/uploads/08-SEP-26.pdf
2026-09-08,Agricultural,Sasini Plc Ord 1.00,KE0000000430,,33.9,13.6,25,24.5,24.7,24.85,-0.15,-0.6,23530,https://www.nse.co.ke/wp-content/uploads/08-SEP-26.pdf
2026-09-08,Agricultural,The Limuru Tea Co. Plc Ord 10.00sme,KE0000000356,,555,310,530,510,525,525,0,0,46,https://www.nse.co.ke/wp-content/uploads/08-SEP-26.pdf
2026-09-08,Agricultural,Williamson Tea Kenya Plc Ord 5.00,KE0000000505,,350,120,159.75,154.25,156.75,156.25,0.5,0.32,11371,https://www.nse.co.ke/wp-content/uploads/08-SEP-26.pdf
2026-09-08,Automobiles & Accessories,Car & General (K) Ltd Ord 5.00,KE0000000109,xd,409,18.5,308,290,294,304.25,-10.25,-3.37,8018,https://www.nse.co.ke/wp-content/uploads/08-SEP-26.pdf
2026-09-08,Banking,ABSA Bank Kenya Plc Ord 0.50,KE0000000067,ed,36.5,15,34.95,34.2,34.55,34.85,-0.3,-0.86,167921,https://www.nse.co.ke/wp-content/uploads/08-SEP-26.pdf
2026-09-08,Banking,BK Group Plc Ord 0.80,KE5000008986,,70,28.75,65.5,63.75,64,65.25,-1.25,-1.92,28264,https://www.nse.co.ke/wp-content/uploads/08-SEP-26.pdf
2026-09-08,Banking,Diamond Trust Bank Kenya Ltd Ord 4.00,KE0000000158,,198.5,66,192.25,190.5,191,192,-1,-0.52,260785,https://www.nse.co.ke/wp-content/uploads/08-SEP-26.pdf
2026-09-08,Banking,Equity Group Holdings Plc Ord 0.50,KE0000000554,,109,41.2,105,100,101.75,105.5,-3.75,-3.55,2059812,https://www.nse.co.ke/wp-content/uploads/08-SEP-26.pdf
2026-09-08,Banking,Family Bank Limited Ord 1.00,KE9930006987,,50,22,30.3,29.5,30.05,30.25,-0.2,-0.66,915819,https://www.nse.co.ke/wp-content/uploads/08-SEP-26.pdf
2026-09-08,Banking,HFCB Group Plc Ord 5.00,KE0000000240,,13.6,5.3,13.05,12.55,12.85,13,-0.15,-1.15,310853,https://www.nse.co.ke/wp-content/uploads/08-SEP-26.pdf
2026-09-08,Banking,I&M Group Plc Ord 1.00,KKE0000000125,,83,29.5,83,81,81.75,82,-0.25,-0.3,448229,https://www.nse.co.ke/wp-content/uploads/08-SEP-26.pdf
2026-09-08,Banking,KCB Group Ple Ord 1.00,KE0000000315,xd,101,35,98.5,96,97.5,98.5,-1,-1.02,1850306,https://www.nse.co.ke/wp-content/uploads/08-SEP-26.pdf
2026-09-08,Banking,NCBA Group Ple Ord 5.00,KE0000000406,xq,100,48,92,90.25,91,92.25,-1.25,-1.36,107610,https://www.nse.co.ke/wp-content/uploads/08-SEP-26.pdf
2026-09-08,Banking,Stanbic Holdings Plc ord.5.00,KE0000000091,eq,300,147,295,275,288.5,279.5,9,3.22,54367,https://www.nse.co.ke/wp-content/uploads/08-SEP-26.pdf
2026-09-08,Banking,Standard Chartered Bank Kenya Ltd Ord 5.00,KE0000000448,eq,370,260,349,342,345,345.5,-0.5,-0.14,23916,https://www.nse.co.ke/wp-content/uploads/08-SEP-26.pdf
2026-09-08,Banking,The Co-operative Bank of Kenya Ltd Ord 1.00,KE1000001568,,39.95,13.8,38,37,37.7,38.15,-0.45,-1.18,290935,https://www.nse.co.ke/wp-content/uploads/08-SEP-26.pdf
2026-09-08,Commercial And Services,Eveready East Africa Ltd Ord.1.00sne,KE0000000588,,1.88,0.75,1.05,1.02,1.04,1.02,0.02,1.96,200746,https://www.nse.co.ke/wp-content/uploads/08-SEP-26.pdf
2026-09-08,Commercial And Services,Express Kenya Plc Ord 5.00,KE0O00000224,,10,2.7,7.48,7.26,7.36,6.98,0.38,5.44,6724,https://www.nse.co.ke/wp-content/uploads/08-SEP-26.pdf
2026-09-08,Commercial And Services,Homeboyz Entertainment Plc 0.50sme,KE7000001433,,4.66,4.66,,,4.66,4.66,0,0,,https://www.nse.co.ke/wp-content/uploads/08-SEP-26.pdf
2026-09-08,Commercial And Services,Kenya Airways Ltd Ord 1.00,KE0000000307,,9.18,1.56,5.8,5.68,5.76,5.7,0.06,1.05,326348,https://www.nse.co.ke/wp-content/uploads/08-SEP-26.pdf
2026-09-08,Commercial And Services,Longhorn Publishers Plc Ord 1.00,KE2000002275,,3.46,2.35,3,2.7,2.73,2.79,-0.06,-2.15,35235,https://www.nse.co.ke/wp-content/uploads/08-SEP-26.pdf
2026-09-08,Commercial And Services,Nairobi Business Ventures Plc Ord. 0.50sue,KE5000000090,,5,1.19,1.38,1.33,1.35,1.34,0.01,0.75,146476,https://www.nse.co.ke/wp-content/uploads/08-SEP-26.pdf
2026-09-08,Commercial And Services,Nation Media Group Plc Ord. 2.50,KE0000000380,,22.4,10.05,17.9,15.4,16.7,17.1,-0.4,-2.34,63813,https://www.nse.co.ke/wp-content/uploads/08-SEP-26.pdf
2026-09-08,Commercial And Services,Sameer Africa Plc Ord 5.00,KE0000000232,,21.5,2.7,19.15,17.3,17.95,19.15,-1.2,-6.27,10167,https://www.nse.co.ke/wp-content/uploads/08-SEP-26.pdf
2026-09-08,Commercial And Services,Standard Group Plc Ord 5.00,KE0000000455,,10.8,5.2,6.3,6.04,6.2,6.14,0.06,0.98,11600,https://www.nse.co.ke/wp-content/uploads/08-SEP-26.pdf
2026-09-08,Commercial And Services,TPS Eastern Africa Ltd Ord 1.00,KE0000000539,,19.8,13.05,19,18.05,18.5,18.75,-0.25,-1.33,26853,https://www.nse.co.ke/wp-content/uploads/08-SEP-26.pdf
2026-09-08,Commercial And Services,Uchumi Supermarket Plc Ord 5.00,KE0000000489,,2.93,0.23,1.45,1.31,1.36,1.45,-0.09,-6.21,415426,https://www.nse.co.ke/wp-content/uploads/08-SEP-26.pdf
2026-09-08,Commercial And Services,_WPP Scangroup Plc Ord 1.00,KE0000000562,,3.95,1.8,2.1,2,2.01,2.03,-0.02,-0.99,88423,https://www.nse.co.ke/wp-content/uploads/08-SEP-26.pdf
2026-09-08,Construction & Allied,ARMCement Plc Ord 1.00,KE0000000034,,5.55,5.55,,,5.55,5.55,0,0,,https://www.nse.co.ke/wp-content/uploads/08-SEP-26.pdf
2026-09-08,Construction & Allied,Bamburi Cement Plc Ord 5.00,KE0000000059,,84,21.3,,,54,54,0,0,,https://www.nse.co.ke/wp-content/uploads/08-SEP-26.pdf
2026-09-08,Construction & Allied,Crown Paints Kenya Plc Ord 5.00,KE0000000141,,70.75,29,65,62,63.25,63.25,0,0,747,https://www.nse.co.ke/wp-content/uploads/08-SEP-26.pdf
2026-09-08,Energy & Petroleum,KenGen Co. Plc Ord. 2.50,KE0000000547,ed,13.1,4.5,11,10.25,10.65,11.05,-0.4,-3.62,3468619,https://www.nse.co.ke/wp-content/uploads/08-SEP-26.pdf
2026-09-08,Energy & Petroleum,Kenya Pipeline Company Plc Ord 0.02,KE9900006215,,10,8.7,9.02,9,9,9,0,0,218520,https://www.nse.co.ke/wp-content/uploads/08-SEP-26.pdf
2026-09-08,Energy & Petroleum,Kenya Power & Lighting Co Plc Ord 2.50,KE0000000349,,25,5.7,23.8,21.9,22.55,23.5,-0.95,-4.04,1976426,https://www.nse.co.ke/wp-content/uploads/08-SEP-26.pdf
2026-09-08,Energy & Petroleum,Kenya Power & Lighting Plc 4% Pref 20.00,KE4000001877,,5.02,4,,,5,5,0,0,,https://www.nse.co.ke/wp-content/uploads/08-SEP-26.pdf
2026-09-08,Energy & Petroleum,Kenya Power & Lighting Plc 7% Pref 20.00,KE4000002982,,6,6,,,6,6,0,0,,https://www.nse.co.ke/wp-content/uploads/08-SEP-26.pdf
2026-09-08,Energy & Petroleum,TotalEnergies Marketing Kenya Plc Ord 5.00,KE0000000463,,52,21,52,49,49.55,50.25,-0.7,-1.39,21204,https://www.nse.co.ke/wp-content/uploads/08-SEP-26.pdf
2026-09-08,Energy & Petroleum,Umeme Ltd Ord 0.50,60000001145,,24.75,6,6.4,6.2,6.3,6.4,-0.1,-1.56,19076,https://www.nse.co.ke/wp-content/uploads/08-SEP-26.pdf
2026-09-08,Exchange Traded Funds,ABSA New Gold ETF,ZAE000060067,,6800,881,5490,5315,5415,5370,45,0.84,162,https://www.nse.co.ke/wp-content/uploads/08-SEP-26.pdf
2026-09-08,Exchange Traded Funds,Satrix MSCI World Feeder ETF,ZAE000246104,,1895,761,999,978,980,990,-10,-1.01,945,https://www.nse.co.ke/wp-content/uploads/08-SEP-26.pdf
2026-09-08,Insurance,Britam Holdings Plc Ord 0.10,KE2000002192,,22.3,5.92,21.5,20,20.5,21.35,-0.85,-3.98,168377,https://www.nse.co.ke/wp-content/uploads/08-SEP-26.pdf
2026-09-08,Insurance,Jubilee Holdings Ltd Ord 5.00,KE0000000273,xq,437.75,182,419.75,410,412.25,416.5,-4.25,-1.02,16138,https://www.nse.co.ke/wp-content/uploads/08-SEP-26.pdf
2026-09-08,Insurance,Liberty Kenya Holdings Ltd Ord. 1.00,KE2000002168,,12.2,8.14,9.3,9.16,9.22,9.22,0,0,10420,https://www.nse.co.ke/wp-content/uploads/08-SEP-26.pdf
2026-09-08,Insurance,Sanlam Allianz Holdings Kenya Plc Ord 5.00,KE0000000414,,12.65,5.5,10.8,10.1,10.7,10.25,0.45,4.39,16726,https://www.nse.co.ke/wp-content/uploads/08-SEP-26.pdf
2026-09-08,Investment,Africa Mega Agricorp Plc Ord 5.00sue,KE0000000331,,253.25,10.4,253.25,253.25,253.25,230.25,23,9.99,769,https://www.nse.co.ke/wp-content/uploads/08-SEP-26.pdf
2026-09-08,Investment,East African Breweries Plc Ord 2.00,KE0000000216,eq,351,167,292,285,288.5,286.5,2,0.7,16484,https://www.nse.co.ke/wp-content/uploads/08-SEP-26.pdf
2026-09-08,Investment,Flame Tree Group Holdings Ltd Ord 0.825,KE4000001323,,3.11,0.9,2.1,2.02,2.05,2.06,-0.01,-0.49,208426,https://www.nse.co.ke/wp-content/uploads/08-SEP-26.pdf
2026-09-08,Investment,Home Afrika Ltd Ord 1.00,KE2000007258,,1.83,0.48,1.15,1.1,1.13,1.1,0.03,2.73,350313,https://www.nse.co.ke/wp-content/uploads/08-SEP-26.pdf
2026-09-08,Investment,Kurwitu Ventures Ltd Ord 100.00sue,KE4000001216,,1500,1220,,,1355,1355,0,0,,https://www.nse.co.ke/wp-content/uploads/08-SEP-26.pdf
2026-09-08,Investment,Mumias Sugar Co. Ltd Ord 2.00,KE0000000372,,0.27,0.27,,,0.27,0.27,0,0,,https://www.nse.co.ke/wp-content/uploads/08-SEP-26.pdf
2026-09-08,Investment,Olympia Capital Holdings Ltd Ord 5.00,KE0000000166,,9,1.91,8.48,7.82,7.96,8.4,-0.44,-5.24,4545,https://www.nse.co.ke/wp-content/uploads/08-SEP-26.pdf
2026-09-08,Investment,Shri Krishana Overseas Plc,KE9900001216,,21.6,5.8,18,16,16.95,17.65,-0.7,-3.97,20984,https://www.nse.co.ke/wp-content/uploads/08-SEP-26.pdf
2026-09-08,Investment,Unga Group Ltd Ord 5.00,KE0000000497,,50,18.05,47.5,41.5,43.2,43.2,0,0,3373,https://www.nse.co.ke/wp-content/uploads/08-SEP-26.pdf
2026-09-08,Investment Services,Nairobi Securities Exchange Plc Ord 4.00,KE3000009674,,29.75,6.5,29,28,28.5,28.7,-0.2,-0.7,260478,https://www.nse.co.ke/wp-content/uploads/08-SEP-26.pdf
2026-09-08,Manufacturing & Allied,British American Tobacco Kenya Plc Ord 10.00,KE0000000075,xq,629,345,570,560,565,568,-3,-0.53,10524,https://www.nse.co.ke/wp-content/uploads/08-SEP-26.pdf
2026-09-08,Real Estate Investment Trust,ALP Industrial REIT NAV USD 1.0431,KE9900006322,,1.02,1,,,1.02,1.02,0,0,,https://www.nse.co.ke/wp-content/uploads/08-SEP-26.pdf
2026-09-08,Real Estate Investment Trust,LAPTRUST IMARA I-REIT NAV.16.95,KE9100008870,xq,20,20,,,20,20,0,0,,https://www.nse.co.ke/wp-content/uploads/08-SEP-26.pdf
2026-09-08,Real Estate Investment Trust,TRIFIC Green USD I-REIT NAV USD 1.00,KE9930007092,,1.23,1.23,,,1.23,1.23,0,0,,https://www.nse.co.ke/wp-content/uploads/08-SEP-26.pdf
2026-09-08,Telecommunication,Safaricom Plc Ord 0.05,KE1000001402,,39.5,17,37.5,36.8,37,37.4,-0.4,-1.07,3090503,https://www.nse.co.ke/wp-content/uploads/08-SEP-26.pdf
2026-09-09,Agricultural,Eaagads Ltd Ord 1.25 sue,KE0000000208,,37,10,30.15,28,30.1,29.8,0.3,1.01,841,https://www.nse.co.ke/wp-content/uploads/09-SEP-26.pdf
2026-09-09,Agricultural,Kakuzi Plc Ord.5.00,KE0000000281,,460,240,439.5,420,438.25,435.25,3,0.69,1683,https://www.nse.co.ke/wp-content/uploads/09-SEP-26.pdf
2026-09-09,Agricultural,Kapchorua Tea Kenya Plc Ord 5.00sme,KE4000001760,,424.25,81,343,340,341.5,341,0.5,0.15,405,https://www.nse.co.ke/wp-content/uploads/09-SEP-26.pdf
2026-09-09,Agricultural,Sasini Plc Ord 1.00,KE0000000430,,33.9,13.6,24.95,23.8,24.3,24.7,-0.4,-1.62,15070,https://www.nse.co.ke/wp-content/uploads/09-SEP-26.pdf
2026-09-09,Agricultural,The Limuru Tea Co. Plc Ord 10.00sme,KE0000000356,,555,310,530,510,525,525,0,0,16,https://www.nse.co.ke/wp-content/uploads/09-SEP-26.pdf
2026-09-09,Agricultural,Williamson Tea Kenya Plc Ord 5.00,KE0000000505,,350,120,160,156,159,156.75,2.25,1.44,14856,https://www.nse.co.ke/wp-content/uploads/09-SEP-26.pdf
2026-09-09,Automobiles & Accessories,Car & General (K) Ltd Ord 5.00,KE0000000109,xd,409,18.5,294,270,281,294,-13,-4.42,12794,https://www.nse.co.ke/wp-content/uploads/09-SEP-26.pdf
2026-09-09,Banking,ABSA Bank Kenya Plc Ord 0.50,KE0000000067,ed,36.5,15,34.5,33.7,34,34.55,-0.55,-1.59,203211,https://www.nse.co.ke/wp-content/uploads/09-SEP-26.pdf
2026-09-09,Banking,BK Group Plc Ord 0.80,KE5000008986,,70,28.75,65,62.5,63,64,-1,-1.56,5743,https://www.nse.co.ke/wp-content/uploads/09-SEP-26.pdf
2026-09-09,Banking,Diamond Trust Bank Kenya Ltd Ord 4.00,KE0000000158,,198.5,66,191.5,190,191,191,0,0,540090,https://www.nse.co.ke/wp-content/uploads/09-SEP-26.pdf
2026-09-09,Banking,Equity Group Holdings Plc Ord 0.50,KE0000000554,,109,41.2,103,100.5,101.5,101.75,-0.25,-0.25,3581583,https://www.nse.co.ke/wp-content/uploads/09-SEP-26.pdf
2026-09-09,Banking,Family Bank Limited Ord 1.00,KE9930006987,,50,22,30.05,28.9,29.55,30.05,-0.5,-1.66,351985,https://www.nse.co.ke/wp-content/uploads/09-SEP-26.pdf
2026-09-09,Banking,HFCB Group Plc Ord 5.00,KE0000000240,,13.6,5.3,12.75,12.5,12.6,12.85,-0.25,-1.95,161267,https://www.nse.co.ke/wp-content/uploads/09-SEP-26.pdf
2026-09-09,Banking,I&M Group Plc Ord 1.00,KKE0000000125,,83,29.5,81.75,79.5,80.25,81.75,-1.5,-1.83,228119,https://www.nse.co.ke/wp-content/uploads/09-SEP-26.pdf
2026-09-09,Banking,KCB Group Ple Ord 1.00,KE0000000315,xd,101,35,96.5,93,94.25,97.5,-3.25,-3.33,1432641,https://www.nse.co.ke/wp-content/uploads/09-SEP-26.pdf
2026-09-09,Banking,NCBA Group Ple Ord 5.00,KE0000000406,xq,100,48,92,90.25,90.75,91,-0.25,-0.27,39437,https://www.nse.co.ke/wp-content/uploads/09-SEP-26.pdf
2026-09-09,Banking,Stanbic Holdings Plc ord.5.00,KE0000000091,eq,300,147,295,270,294.5,288.5,6,2.08,225455,https://www.nse.co.ke/wp-content/uploads/09-SEP-26.pdf
2026-09-09,Banking,Standard Chartered Bank Kenya Ltd Ord 5.00,KE0000000448,eq,370,260,355,345,349.25,345,4.25,1.23,28952,https://www.nse.co.ke/wp-content/uploads/09-SEP-26.pdf
2026-09-09,Banking,The Co-operative Bank of Kenya Ltd Ord 1.00,KE1000001568,,39.95,13.8,38,37,37.85,37.7,0.15,0.4,719498,https://www.nse.co.ke/wp-content/uploads/09-SEP-26.pdf
2026-09-09,Commercial And Services,Deacons (East Africa) Plc Ord 2.50,KE5000005438,s,0.45,0.45,,,0.45,0.45,0,0,,https://www.nse.co.ke/wp-content/uploads/09-SEP-26.pdf
2026-09-09,Commercial And Services,Eveready East Africa Ltd Ord.1.00sue,KE0000000588,,1.88,0.75,1.05,1.02,1.03,1.04,-0.01,-0.96,74890,https://www.nse.co.ke/wp-content/uploads/09-SEP-26.pdf
2026-09-09,Commercial And Services,Express Kenya Plc Ord 5.00,KE0000000224,,10,2.7,7.4,7,7.24,7.36,-0.12,-1.63,2147,https://www.nse.co.ke/wp-content/uploads/09-SEP-26.pdf
2026-09-09,Commercial And Services,Homeboyz Entertainment Plc 0.50sue,KE7000001433,,4.66,4.66,,,4.66,4.66,0,0,,https://www.nse.co.ke/wp-content/uploads/09-SEP-26.pdf
2026-09-09,Commercial And Services,Kenya Airways Ltd Ord 1.00,KE0000000307,,9.18,1.56,5.86,5.7,5.72,5.76,-0.04,-0.69,886261,https://www.nse.co.ke/wp-content/uploads/09-SEP-26.pdf
2026-09-09,Commercial And Services,Longhorn Publishers Ple Ord 1.00,KE2000002275,,3.46,2.35,2.99,2.75,2.86,2.73,0.13,4.76,13595,https://www.nse.co.ke/wp-content/uploads/09-SEP-26.pdf
2026-09-09,Commercial And Services,Nairobi Business Ventures Plc Ord. 0.50sue,KE5000000090,,5,1.19,1.38,1.31,1.33,1.35,-0.02,-1.48,40570,https://www.nse.co.ke/wp-content/uploads/09-SEP-26.pdf
2026-09-09,Commercial And Services,Nation Media Group Plc Ord. 2.50,KE0000000380,,22.4,10.05,16,15.05,15.8,16.7,-0.9,-5.39,147448,https://www.nse.co.ke/wp-content/uploads/09-SEP-26.pdf
2026-09-09,Commercial And Services,Sameer Africa Plc Ord 5.00,KKE0000000232,,21.5,2.7,19.15,18,18.05,17.95,0.1,0.56,11833,https://www.nse.co.ke/wp-content/uploads/09-SEP-26.pdf
2026-09-09,Commercial And Services,Standard Group Ple Ord 5.00,KE0000000455,,10.8,5.2,6.38,6.2,6.3,6.2,0.1,1.61,7069,https://www.nse.co.ke/wp-content/uploads/09-SEP-26.pdf
2026-09-09,Commercial And Services,TPS Eastern Africa Ltd Ord 1.00,KE0000000539,,19.8,13.05,18.5,17.2,18,18.5,-0.5,-2.7,43475,https://www.nse.co.ke/wp-content/uploads/09-SEP-26.pdf
2026-09-09,Commercial And Services,Uchumi Supermarket Plc Ord 5.00,KE0000000489,,2.93,0.23,1.38,1.3,1.33,1.36,-0.03,-2.21,174804,https://www.nse.co.ke/wp-content/uploads/09-SEP-26.pdf
2026-09-09,Commercial And Services,WPP Scangroup Plc Ord 1.00,KE0000000562,,3.95,1.8,2.09,1.99,2.01,2.01,0,0,55084,https://www.nse.co.ke/wp-content/uploads/09-SEP-26.pdf
2026-09-09,Construction & Allied,ARMCement Plc Ord 1.00,KE0000000034,,5.55,5.55,,,5.55,5.55,0,0,,https://www.nse.co.ke/wp-content/uploads/09-SEP-26.pdf
2026-09-09,Construction & Allied,Bamburi Cement Plc Ord 5.00,KE0000000059,,84,21.3,,,54,54,0,0,,https://www.nse.co.ke/wp-content/uploads/09-SEP-26.pdf
2026-09-09,Construction & Allied,Crown Paints Kenya Plc Ord 5.00,KE0000000141,,70.75,29,63.75,61.5,62.5,63.25,-0.75,-1.19,1752,https://www.nse.co.ke/wp-content/uploads/09-SEP-26.pdf
2026-09-09,Energy & Petroleum,KenGen Co. Ple Ord. 2.50,KE0000000547,eq,13.1,4.5,11,10.25,10.85,10.65,0.2,1.88,2424750,https://www.nse.co.ke/wp-content/uploads/09-SEP-26.pdf
2026-09-09,Energy & Petroleum,Kenya Pipeline Company Plc Ord 0.02,KE9900006215,,10,8.7,9.02,9,9,9,0,0,293572,https://www.nse.co.ke/wp-content/uploads/09-SEP-26.pdf
2026-09-09,Energy & Petroleum,Kenya Power & Lighting Co Plc Ord 2.50,KE0000000349,,25,5.7,22.55,21,21.45,22.55,-1.1,-4.88,3080473,https://www.nse.co.ke/wp-content/uploads/09-SEP-26.pdf
2026-09-09,Energy & Petroleum,Kenya Power & Lighting Plc 4% Pref 20.00,KE4000001877,,5.5,4,5.5,5.06,5.26,5,0.26,5.2,224,https://www.nse.co.ke/wp-content/uploads/09-SEP-26.pdf
2026-09-09,Energy & Petroleum,Kenya Power & Lighting Plc 7% Pref 20.00,KE4000002982,,6,6,,,6,6,0,0,,https://www.nse.co.ke/wp-content/uploads/09-SEP-26.pdf
2026-09-09,Energy & Petroleum,TotalEnergies Marketing Kenya Plc Ord 5.00,KE0000000463,,52,21,51.75,48.5,49.65,49.55,0.1,0.2,20069,https://www.nse.co.ke/wp-content/uploads/09-SEP-26.pdf
2026-09-09,Exchange Traded Funds,ABSA New Gold ETF,ZAE000060067,,6800,881,5480,5375,5415,5415,0,0,74,https://www.nse.co.ke/wp-content/uploads/09-SEP-26.pdf
2026-09-09,Exchange Traded Funds,Satrix MSCI World Feeder ETF,ZAE000246104,,1895,761,1000,975,978,980,-2,-0.2,836,https://www.nse.co.ke/wp-content/uploads/09-SEP-26.pdf
2026-09-09,Insurance,Britam Holdings Plc Ord 0.10,KE2000002192,,22.3,5.92,21.4,19.8,20.95,20.5,0.45,2.2,658817,https://www.nse.co.ke/wp-content/uploads/09-SEP-26.pdf
2026-09-09,Insurance,Jubilee Holdings Ltd Ord 5.00,KE0000000273,xg,437.75,182,425,410,412.25,412.25,0,0,15484,https://www.nse.co.ke/wp-content/uploads/09-SEP-26.pdf
2026-09-09,Insurance,Liberty Kenya Holdings Ltd Ord. 1.00,KKE2000002168,,12.2,8.14,9.6,9.2,9.38,9.22,0.16,1.74,13452,https://www.nse.co.ke/wp-content/uploads/09-SEP-26.pdf
2026-09-09,Insurance,Sanlam Allianz Holdings Kenya Ple Ord 5.00,KKE0000000414,,12.65,5.5,11.1,10.7,10.75,10.7,0.05,0.47,15591,https://www.nse.co.ke/wp-content/uploads/09-SEP-26.pdf
2026-09-09,Investment,Africa Mega Agricorp Plc Ord 5.00sue,KE0000000331,,278.5,10.4,278.5,278.5,278.5,253.25,25.25,9.97,486,https://www.nse.co.ke/wp-content/uploads/09-SEP-26.pdf
2026-09-09,Investment,East African Breweries Plc Ord 2.00,KE0000000216,eq,351,167,290,283,285.25,288.5,-3.25,-1.13,49967,https://www.nse.co.ke/wp-content/uploads/09-SEP-26.pdf
2026-09-09,Investment,Flame Tree Group Holdings Ltd Ord 0.825,KE4000001323,,3.11,0.9,2.17,2,2.06,2.05,0.01,0.49,23327,https://www.nse.co.ke/wp-content/uploads/09-SEP-26.pdf
2026-09-09,Investment,Home Afrika Ltd Ord 1.00,KE2000007258,,1.83,0.48,1.15,1.11,1.11,1.13,-0.02,-1.77,977027,https://www.nse.co.ke/wp-content/uploads/09-SEP-26.pdf
2026-09-09,Investment,Kurwitu Ventures Ltd Ord 100.00sne,KE4000001216,,1500,1220,,,1355,1355,0,0,,https://www.nse.co.ke/wp-content/uploads/09-SEP-26.pdf
2026-09-09,Investment,Mumias Sugar Co. Ltd Ord 2.00,KE0000000372,,0.27,0.27,,,0.27,0.27,0,0,,https://www.nse.co.ke/wp-content/uploads/09-SEP-26.pdf
2026-09-09,Investment,Olympia Capital Holdings Ltd Ord 5.00,KE0000000166,,9,1.91,8.48,7.5,7.84,7.96,-0.12,-1.51,3297,https://www.nse.co.ke/wp-content/uploads/09-SEP-26.pdf
2026-09-09,Investment,Shri Krishana Overseas Plc,KE9900001216,,21.6,5.8,17.65,15.9,16.95,16.95,0,0,11856,https://www.nse.co.ke/wp-content/uploads/09-SEP-26.pdf
2026-09-09,Investment,Unga Group Ltd Ord 5.00,KE0000000497,,50,18.05,45,40,40.85,43.2,-2.35,-5.44,45023,https://www.nse.co.ke/wp-content/uploads/09-SEP-26.pdf
2026-09-09,Investment Services,Nairobi Securities Exchange Plc Ord 4.00,KE3000009674,,29.75,6.5,28.5,28,28.2,28.5,-0.3,-1.05,422088,https://www.nse.co.ke/wp-content/uploads/09-SEP-26.pdf
2026-09-09,Manufacturing & Allied,British American Tobacco Kenya Plc Ord 10.00,KE0000000075,xq,629,345,569,550,559,565,-6,-1.06,13031,https://www.nse.co.ke/wp-content/uploads/09-SEP-26.pdf
2026-09-09,Real Estate Investment Trust,ALP Industrial REIT NAV USD 1.0431,KE9900006322,,1.02,1,,,1.02,1.02,0,0,,https://www.nse.co.ke/wp-content/uploads/09-SEP-26.pdf
2026-09-09,Real Estate Investment Trust,LAPTRUST IMARA I-REIT NAV.16.95,KE9100008870,xq,20,20,,,20,20,0,0,,https://www.nse.co.ke/wp-content/uploads/09-SEP-26.pdf
2026-09-09,Real Estate Investment Trust,TRIFIC Green USD I-REIT NAV USD 1.00,KE9930007092,,1.23,1.23,,,1.23,1.23,0,0,,https://www.nse.co.ke/wp-content/uploads/09-SEP-26.pdf
2026-09-09,Telecommunication,Safaricom Plc Ord 0.05,KE1000001402,,39.5,17,37,36.15,36.65,37,-0.35,-0.95,2004388,https://www.nse.co.ke/wp-content/uploads/09-SEP-26.pdf
2026-09-10,Agricultural,Eaagads Ltd Ord 1.25 sue,KE0000000208,,37,10,29.5,28,29.5,30.1,-0.6,-1.99,4313,https://www.nse.co.ke/wp-content/uploads/10-SEP-26.pdf
2026-09-10,Agricultural,Kakuzi Plc Ord.5.00,KE0000000281,,460,240,439.5,420,425,438.25,-13.25,-3.02,106,https://www.nse.co.ke/wp-content/uploads/10-SEP-26.pdf
2026-09-10,Agricultural,Kapchorua Tea Kenya Plc Ord 5.00sme,KE4000001760,,424.25,81,343.75,340,342.5,341.5,1,0.29,1931,https://www.nse.co.ke/wp-content/uploads/10-SEP-26.pdf
2026-09-10,Agricultural,Sasini Plc Ord 1.00,KE0000000430,,33.9,13.6,24.7,23.85,24.25,24.3,-0.05,-0.21,10350,https://www.nse.co.ke/wp-content/uploads/10-SEP-26.pdf
2026-09-10,Agricultural,The Limuru Tea Co. Plc Ord 10.00sme,KE0000000356,,555,310,530,490,525,525,0,0,14,https://www.nse.co.ke/wp-content/uploads/10-SEP-26.pdf
2026-09-10,Agricultural,Williamson Tea Kenya Plc Ord 5.00,KE0000000505,,350,120,167,160,163,159,4,2.52,5987,https://www.nse.co.ke/wp-content/uploads/10-SEP-26.pdf
2026-09-10,Automobiles & Accessories,Car & General (K) Ltd Ord 5.00,KE0000000109,xd,409,18.5,300,260,269.25,281,-11.75,-4.18,15955,https://www.nse.co.ke/wp-content/uploads/10-SEP-26.pdf
2026-09-10,Banking,ABSA Bank Kenya Plc Ord 0.50,KE0000000067,ed,36.5,15,34,33.4,33.6,34,-0.4,-1.18,189505,https://www.nse.co.ke/wp-content/uploads/10-SEP-26.pdf
2026-09-10,Banking,BK Group Plc Ord 0.80,KE5000008986,,70,28.75,62.5,61,61.25,63,-1.75,-2.78,8221,https://www.nse.co.ke/wp-content/uploads/10-SEP-26.pdf
2026-09-10,Banking,Diamond Trust Bank Kenya Ltd Ord 4.00,KE0000000158,,198.5,66,191.5,189,190,191,-1,-0.52,656723,https://www.nse.co.ke/wp-content/uploads/10-SEP-26.pdf
2026-09-10,Banking,Equity Group Holdings Plc Ord 0.50,KE0000000554,,109,41.2,103,101.75,102,101.5,0.5,0.49,11591827,https://www.nse.co.ke/wp-content/uploads/10-SEP-26.pdf
2026-09-10,Banking,Family Bank Limited Ord 1.00,KE9930006987,,50,22,29.5,28.6,29.1,29.55,-0.45,-1.52,144403,https://www.nse.co.ke/wp-content/uploads/10-SEP-26.pdf
2026-09-10,Banking,HFCB Group Plc Ord 5.00,KE0000000240,,13.6,5.3,12.75,12.6,12.65,12.6,0.05,0.4,157261,https://www.nse.co.ke/wp-content/uploads/10-SEP-26.pdf
2026-09-10,Banking,I&M Group Plc Ord 1.00,KKE0000000125,,83,29.5,79.75,76.25,77.75,80.25,-2.5,-3.12,56162,https://www.nse.co.ke/wp-content/uploads/10-SEP-26.pdf
2026-09-10,Banking,KCB Group Ple Ord 1.00,KE0000000315,xd,101,35,95,93.75,94.25,94.25,0,0,2636703,https://www.nse.co.ke/wp-content/uploads/10-SEP-26.pdf
2026-09-10,Banking,NCBA Group Ple Ord 5.00,KE0000000406,,100,48,91,89.5,90.25,90.75,-0.5,-0.55,199892,https://www.nse.co.ke/wp-content/uploads/10-SEP-26.pdf
2026-09-10,Banking,Stanbic Holdings Plc ord.5.00,KE0000000091,eq,300,147,295,279,294.25,294.5,-0.25,-0.08,14004,https://www.nse.co.ke/wp-content/uploads/10-SEP-26.pdf
2026-09-10,Banking,Standard Chartered Bank Kenya Ltd Ord 5.00,KE0000000448,eq,370,260,350,345,349.75,349.25,0.5,0.14,27289,https://www.nse.co.ke/wp-content/uploads/10-SEP-26.pdf
2026-09-10,Banking,The Co-operative Bank of Kenya Ltd Ord 1.00,KE1000001568,,39.95,13.8,37.95,37.2,37.85,37.85,0,0,633588,https://www.nse.co.ke/wp-content/uploads/10-SEP-26.pdf
2026-09-10,Commercial And Services,Deacons (East Africa) Plc Ord 2.50,KE5000005438,,0.45,0.45,,,0.45,0.45,0,0,,https://www.nse.co.ke/wp-content/uploads/10-SEP-26.pdf
2026-09-10,Commercial And Services,Eveready East Africa Ltd Ord.1.00sue,KE0000000588,,1.88,0.75,1.07,1,1.02,1.03,-0.01,-0.97,72140,https://www.nse.co.ke/wp-content/uploads/10-SEP-26.pdf
2026-09-10,Commercial And Services,Express Kenya Plc Ord 5.00,KKE0000000224,,10,2.7,7.4,6.8,7.14,7.24,-0.1,-1.38,11303,https://www.nse.co.ke/wp-content/uploads/10-SEP-26.pdf
2026-09-10,Commercial And Services,Homeboyz Entertainment Plc 0.50sue,KE7000001433,,4.66,4.66,,,4.66,4.66,0,0,,https://www.nse.co.ke/wp-content/uploads/10-SEP-26.pdf
2026-09-10,Commercial And Services,Kenya Airways Ltd Ord 1.00,KE0000000307,,9.18,1.56,5.8,5.68,5.72,5.72,0,0,610733,https://www.nse.co.ke/wp-content/uploads/10-SEP-26.pdf
2026-09-10,Commercial And Services,Longhorn Publishers Ple Ord 1.00,KE2000002275,,3.46,2.35,2.86,2.61,2.7,2.86,-0.16,-5.59,42367,https://www.nse.co.ke/wp-content/uploads/10-SEP-26.pdf
2026-09-10,Commercial And Services,Nairobi Business Ventures Plc Ord. 0.50sue,KE5000000090,,5,1.19,1.36,1.25,1.31,1.33,-0.02,-1.5,29176,https://www.nse.co.ke/wp-content/uploads/10-SEP-26.pdf
2026-09-10,Commercial And Services,Nation Media Group Plc Ord. 2.50,KE0000000380,,22.4,10.05,16.5,15.75,16,15.8,0.2,1.27,87814,https://www.nse.co.ke/wp-content/uploads/10-SEP-26.pdf
2026-09-10,Commercial And Services,Sameer Africa Plc Ord 5.00,KKE0000000232,,21.5,2.7,18.2,17.25,18,18.05,-0.05,-0.28,17556,https://www.nse.co.ke/wp-content/uploads/10-SEP-26.pdf
2026-09-10,Commercial And Services,Standard Group Ple Ord 5.00,KE0000000455,,10.8,5.2,6.4,5.74,6.32,6.3,0.02,0.32,4064,https://www.nse.co.ke/wp-content/uploads/10-SEP-26.pdf
2026-09-10,Commercial And Services,TPS Eastern Africa Ltd Ord 1.00,KE0000000539,,19.8,13.05,19,17.25,17.9,18,-0.1,-0.56,12359,https://www.nse.co.ke/wp-content/uploads/10-SEP-26.pdf
2026-09-10,Commercial And Services,Uchumi Supermarket Plc Ord 5.00,KE0000000489,,2.93,0.23,1.35,1.3,1.31,1.33,-0.02,-1.5,108715,https://www.nse.co.ke/wp-content/uploads/10-SEP-26.pdf
2026-09-10,Commercial And Services,WPP Scangroup Plc Ord 1.00,KE0000000562,,3.95,1.8,2.1,2,2.02,2.01,0.01,0.5,19029,https://www.nse.co.ke/wp-content/uploads/10-SEP-26.pdf
2026-09-10,Construction & Allied,ARMCement Plc Ord 1.00,KE0000000034,,5.55,5.55,,,5.55,5.55,0,0,,https://www.nse.co.ke/wp-content/uploads/10-SEP-26.pdf
2026-09-10,Construction & Allied,Bamburi Cement Plc Ord 5.00,KE0000000059,,84,21.3,,,54,54,0,0,,https://www.nse.co.ke/wp-content/uploads/10-SEP-26.pdf
2026-09-10,Construction & Allied,Crown Paints Kenya Plc Ord 5.00,KE0000000141,,70.75,29,64,61.5,63.25,62.5,0.75,1.2,1631,https://www.nse.co.ke/wp-content/uploads/10-SEP-26.pdf
2026-09-10,Energy & Petroleum,KenGen Co. Ple Ord. 2.50,KE0000000547,cd,13.1,4.5,11.15,10.8,10.95,10.85,0.1,0.92,2116812,https://www.nse.co.ke/wp-content/uploads/10-SEP-26.pdf
2026-09-10,Energy & Petroleum,Kenya Pipeline Company Plc Ord 0.02,KE9900006215,,10,8.7,9.02,9,9,9,0,0,472953,https://www.nse.co.ke/wp-content/uploads/10-SEP-26.pdf
2026-09-10,Energy & Petroleum,Kenya Power & Lighting Co Plc Ord 2.50,KE0000000349,,25,5.7,22.55,21.5,22.05,21.45,0.6,2.8,597639,https://www.nse.co.ke/wp-content/uploads/10-SEP-26.pdf
2026-09-10,Energy & Petroleum,Kenya Power & Lighting Plc 4% Pref 20.00,KE4000001877,,5.5,4,,,5.26,5.26,0,0,,https://www.nse.co.ke/wp-content/uploads/10-SEP-26.pdf
2026-09-10,Energy & Petroleum,Kenya Power & Lighting Plc 7% Pref 20.00,KKE4000002982,,6,6,,,6,6,0,0,,https://www.nse.co.ke/wp-content/uploads/10-SEP-26.pdf
2026-09-10,Energy & Petroleum,TotalEnergies Marketing Kenya Plc Ord 5.00,KE0000000463,,52,21,51,49,49.75,49.65,0.1,0.2,18538,https://www.nse.co.ke/wp-content/uploads/10-SEP-26.pdf
2026-09-10,Energy & Petroleum,Umeme Ltd Ord 0.50,UG0000001145,,24.75,6,6.5,6,6.12,6.22,-0.1,-1.61,42702,https://www.nse.co.ke/wp-content/uploads/10-SEP-26.pdf
2026-09-10,Exchange Traded Funds,ABSA New Gold ETF,ZAE000060067,,6800,881,5460,5315,5415,5415,0,0,99,https://www.nse.co.ke/wp-content/uploads/10-SEP-26.pdf
2026-09-10,Exchange Traded Funds,Satrix MSCI World Feeder ETF,ZAE000246104,,1895,761,977,970,973,978,-5,-0.51,824,https://www.nse.co.ke/wp-content/uploads/10-SEP-26.pdf
2026-09-10,Insurance,Britam Holdings Plc Ord 0.10,KKE2000002192,,22.3,5.92,21.5,19.25,20.75,20.95,-0.2,-0.95,332992,https://www.nse.co.ke/wp-content/uploads/10-SEP-26.pdf
2026-09-10,Insurance,Jubilee Holdings Ltd Ord 5.00,KE0000000273,xd,437.75,182,420,410.5,414,412.25,1.75,0.42,570,https://www.nse.co.ke/wp-content/uploads/10-SEP-26.pdf
2026-09-10,Insurance,Liberty Kenya Holdings Ltd Ord. 1.00,KE2000002168,,12.2,8.14,9.58,9.3,9.52,9.38,0.14,1.49,4695,https://www.nse.co.ke/wp-content/uploads/10-SEP-26.pdf
2026-09-10,Insurance,Sanlam Allianz Holdings Kenya Ple Ord 5.00,KE0000000414,,12.65,5.5,10.9,10.55,10.7,10.75,-0.05,-0.47,48699,https://www.nse.co.ke/wp-content/uploads/10-SEP-26.pdf
2026-09-10,Investment,Africa Mega Agricorp Plc Ord 5.00sue,KE0000000331,,306.25,10.4,306.25,278.5,303.5,278.5,25,8.98,1458,https://www.nse.co.ke/wp-content/uploads/10-SEP-26.pdf
2026-09-10,Investment,East African Breweries Plc Ord 2.00,KE0000000216,eq,351,167,289,283,286,285.25,0.75,0.26,630352,https://www.nse.co.ke/wp-content/uploads/10-SEP-26.pdf
2026-09-10,Investment,Flame Tree Group Holdings Ltd Ord 0.825,KE4000001323,,3.11,0.9,2.16,2.07,2.13,2.06,0.07,3.4,23745,https://www.nse.co.ke/wp-content/uploads/10-SEP-26.pdf
2026-09-10,Investment,Home Afrika Ltd Ord 1.00,KE2000007258,,1.83,0.48,1.15,1.11,1.12,1.11,0.01,0.9,97670,https://www.nse.co.ke/wp-content/uploads/10-SEP-26.pdf
2026-09-10,Investment,Kurwitu Ventures Ltd Ord 100.00sne,KE4000001216,,1500,1220,,,1355,1355,0,0,,https://www.nse.co.ke/wp-content/uploads/10-SEP-26.pdf
2026-09-10,Investment,Mumias Sugar Co. Ltd Ord 2.00,KE0000000372,,0.27,0.27,,,0.27,0.27,0,0,,https://www.nse.co.ke/wp-content/uploads/10-SEP-26.pdf
2026-09-10,Investment,Olympia Capital Holdings Ltd Ord 5.00,KE0000000166,,9,1.91,8.06,7.2,7.58,7.84,-0.26,-3.32,3269,https://www.nse.co.ke/wp-content/uploads/10-SEP-26.pdf
2026-09-10,Investment,Shri Krishana Overseas Plc,KE9900001216,,21.6,5.8,16.85,15.9,16.15,16.95,-0.8,-4.72,4042,https://www.nse.co.ke/wp-content/uploads/10-SEP-26.pdf
2026-09-10,Investment,Unga Group Ltd Ord 5.00,KE0000000497,,50,18.05,44.9,39.4,40.65,40.85,-0.2,-0.49,6590,https://www.nse.co.ke/wp-content/uploads/10-SEP-26.pdf
2026-09-10,Investment Services,Nairobi Securities Exchange Plc Ord 4.00,KE3000009674,,29.75,6.5,28.5,28.05,28.15,28.2,-0.05,-0.18,187507,https://www.nse.co.ke/wp-content/uploads/10-SEP-26.pdf
2026-09-10,Manufacturing & Allied,British American Tobacco Kenya Plc Ord 10.00,KE0000000075,xq,629,345,570,550,558,559,-1,-0.18,155756,https://www.nse.co.ke/wp-content/uploads/10-SEP-26.pdf
2026-09-10,Real Estate Investment Trust,ALP Industrial REIT NAV USD 1.0431,KE9900006322,,1.02,1,,,1.02,1.02,0,0,,https://www.nse.co.ke/wp-content/uploads/10-SEP-26.pdf
2026-09-10,Real Estate Investment Trust,LAPTRUST IMARA I-REIT NAV.16.95,KE9100008870,xq,20,20,,,20,20,0,0,,https://www.nse.co.ke/wp-content/uploads/10-SEP-26.pdf
2026-09-10,Real Estate Investment Trust,TRIFIC Green USD I-REIT NAV USD 1.00,KE9930007092,,1.23,1.23,,,1.23,1.23,0,0,,https://www.nse.co.ke/wp-content/uploads/10-SEP-26.pdf
2026-09-10,Telecommunication,Safaricom Plc Ord 0.05,KE1000001402,,39.5,17,36.8,35.9,36.2,36.65,-0.45,-1.23,7057855,https://www.nse.co.ke/wp-content/uploads/10-SEP-26.pdf
2026-09-11,Agricultural,Eaagads Ltd Ord 1.25 sue,KEOOOOC00Z08,,37,10,30,28,28.5,29.5,-1,-3.39,10192,https://www.nse.co.ke/wp-content/uploads/11-SEP-26.pdf
2026-09-11,Agricultural,Kakuzi Plc Ord.5.00,KE0000000281,,460,240,439.5,420,425,425,0,0,58,https://www.nse.co.ke/wp-content/uploads/11-SEP-26.pdf
2026-09-11,Agricultural,Kapchorua Tea Kenya Plc Ord 5.00sne,KE4000001760,,424.25,81,345,340,342.25,342.5,-0.25,-0.07,235,https://www.nse.co.ke/wp-content/uploads/11-SEP-26.pdf
2026-09-11,Agricultural,Sasini Plc Ord 1.00,KE0000000430,,33.9,13.6,25,24,24.85,24.25,0.6,2.47,11672,https://www.nse.co.ke/wp-content/uploads/11-SEP-26.pdf
2026-09-11,Agricultural,"The Limuru Tea Co. Plc Ord 10,00sne",KE0000000356,,555,310,530,495,525,525,0,0,68,https://www.nse.co.ke/wp-content/uploads/11-SEP-26.pdf
2026-09-11,Agricultural,Williamson Tea Kenya Plc Ord 5.00,KE0000000505,,350,120,165,161,164,163,1,0.61,6250,https://www.nse.co.ke/wp-content/uploads/11-SEP-26.pdf
2026-09-11,Automobiles & Accessories,Car & General (kK) Ltd Ord 5.00,KE0000000109,xq,409,18.5,290.75,269,284,269.25,14.75,5.48,8861,https://www.nse.co.ke/wp-content/uploads/11-SEP-26.pdf
2026-09-11,Banking,ABSA Bank Kenya Plc Ord 0.50,KE0000000067,cq,36.5,15,34,33.1,33.5,33.6,-0.1,-0.3,290008,https://www.nse.co.ke/wp-content/uploads/11-SEP-26.pdf
2026-09-11,Banking,BK Group Plc Ord 0.80,KE5000008986,,70,28.75,61.5,59,60,61.25,-1.25,-2.04,2739722,https://www.nse.co.ke/wp-content/uploads/11-SEP-26.pdf
2026-09-11,Banking,Diamond Trust Bank Kenya Ltd Ord 4.00,KE0000000158,,198.5,66,191,184.75,185.25,190,-4.75,-2.5,820926,https://www.nse.co.ke/wp-content/uploads/11-SEP-26.pdf
2026-09-11,Banking,Equity Group Holdings Plc Ord 0.50,KE0000000554,,109,41.2,103,101.75,102,102,0,0,4974486,https://www.nse.co.ke/wp-content/uploads/11-SEP-26.pdf
2026-09-11,Banking,Family Bank Limited Ord 1.00,KE9930006987,,50,22,29.8,28,28.85,29.1,-0.25,-0.86,326143,https://www.nse.co.ke/wp-content/uploads/11-SEP-26.pdf
2026-09-11,Banking,HFCB Group Plc Ord 5.00,KE0000000240,,13.6,5.3,12.7,12.55,12.6,12.65,-0.05,-0.4,1388512,https://www.nse.co.ke/wp-content/uploads/11-SEP-26.pdf
2026-09-11,Banking,I&M Group Plc Ord 1.00,KE0000000125,,83,29.5,79.75,77,79.25,77.75,1.5,1.93,529008,https://www.nse.co.ke/wp-content/uploads/11-SEP-26.pdf
2026-09-11,Banking,KCB Group Plc Ord 1.00,KE0000000315,,101,35,95,93.5,94,94.25,-0.25,-0.27,375298,https://www.nse.co.ke/wp-content/uploads/11-SEP-26.pdf
2026-09-11,Banking,NCBA Group Plc Ord 5.00,KE0000000406,xq,100,48,90.5,89.75,90.25,90.25,0,0,29857,https://www.nse.co.ke/wp-content/uploads/11-SEP-26.pdf
2026-09-11,Banking,Stanbic Holdings Plc ord.5.00,KE0000000091,eq,300,147,294.5,275,282.25,294.25,-12,-4.08,1446,https://www.nse.co.ke/wp-content/uploads/11-SEP-26.pdf
2026-09-11,Banking,Standard Chartered Bank Kenya Ltd Ord 5.00,KE0000000448,xq,370,260,349,339,341.5,349.75,-8.25,-2.36,8508,https://www.nse.co.ke/wp-content/uploads/11-SEP-26.pdf
2026-09-11,Banking,The Co-operative Bank of Kenya Ltd Ord 1.00,KE1000001568,,39.95,13.8,37.5,37,37.15,37.85,-0.7,-1.85,326778,https://www.nse.co.ke/wp-content/uploads/11-SEP-26.pdf
2026-09-11,Commercial And Services,Deacons (East Africa) Plc Ord 2.50,KE5000005438,,0.45,0.45,,,0.45,0.45,0,0,,https://www.nse.co.ke/wp-content/uploads/11-SEP-26.pdf
2026-09-11,Commercial And Services,Eveready East Africa Ltd Ord.1.00sue,KE0000000588,,1.88,0.75,1.05,1,1.03,1.02,0.01,0.98,637892,https://www.nse.co.ke/wp-content/uploads/11-SEP-26.pdf
2026-09-11,Commercial And Services,Express Kenya Plc Ord 5.00,KKE0000000224,,10,2.7,7.4,7,7.22,7.14,0.08,1.12,7042,https://www.nse.co.ke/wp-content/uploads/11-SEP-26.pdf
2026-09-11,Commercial And Services,Homeboyz Entertainment Plc 0.50sue,KE7000001433,,4.66,4.66,,,4.66,4.66,0,0,,https://www.nse.co.ke/wp-content/uploads/11-SEP-26.pdf
2026-09-11,Commercial And Services,Kenya Airways Ltd Ord 1.00,KE0000000307,,9.18,1.56,5.8,5.68,5.7,5.72,-0.02,-0.35,963654,https://www.nse.co.ke/wp-content/uploads/11-SEP-26.pdf
2026-09-11,Commercial And Services,Longhorn Publishers Ple Ord 1.00,KE2000002275,,3.46,2.35,2.9,2.63,2.67,2.7,-0.03,-1.11,42882,https://www.nse.co.ke/wp-content/uploads/11-SEP-26.pdf
2026-09-11,Commercial And Services,Nairobi Business Ventures Plc Ord. 0.50sue,KE5000000090,,5,1.18,1.36,1.18,1.25,1.31,-0.06,-4.58,67453,https://www.nse.co.ke/wp-content/uploads/11-SEP-26.pdf
2026-09-11,Commercial And Services,Nation Media Group Plc Ord. 2.50,KE0000000380,,22.4,10.05,16.5,15.8,16.05,16,0.05,0.31,22808,https://www.nse.co.ke/wp-content/uploads/11-SEP-26.pdf
2026-09-11,Commercial And Services,Sameer Africa Plc Ord 5.00,KKE0000000232,,21.5,2.7,18.5,18,18.2,18,0.2,1.11,2852,https://www.nse.co.ke/wp-content/uploads/11-SEP-26.pdf
2026-09-11,Commercial And Services,Standard Group Ple Ord 5.00,KE0000000455,,10.8,5.2,6.5,5.72,6.12,6.32,-0.2,-3.16,16675,https://www.nse.co.ke/wp-content/uploads/11-SEP-26.pdf
2026-09-11,Commercial And Services,TPS Eastern Africa Ltd Ord 1.00,KE0000000539,,19.8,13.05,19,18,18.75,17.9,0.85,4.75,37063,https://www.nse.co.ke/wp-content/uploads/11-SEP-26.pdf
2026-09-11,Commercial And Services,Uchumi Supermarket Plc Ord 5.00,KE0000000489,,2.93,0.23,1.32,1.2,1.23,1.31,-0.08,-6.11,376399,https://www.nse.co.ke/wp-content/uploads/11-SEP-26.pdf
2026-09-11,Commercial And Services,WPP Scangroup Plc Ord 1.00,KE0000000562,,3.95,1.8,2.1,2,2.04,2.02,0.02,0.99,13292,https://www.nse.co.ke/wp-content/uploads/11-SEP-26.pdf
2026-09-11,Construction & Allied,ARMCement Plc Ord 1.00,KE0000000034,,5.55,5.55,,,5.55,5.55,0,0,,https://www.nse.co.ke/wp-content/uploads/11-SEP-26.pdf
2026-09-11,Construction & Allied,Bamburi Cement Plc Ord 5.00,KE0000000059,,84,21.3,,,54,54,0,0,,https://www.nse.co.ke/wp-content/uploads/11-SEP-26.pdf
2026-09-11,Construction & Allied,Crown Paints Kenya Plc Ord 5.00,KE0000000141,,70.75,29,64,60,62.75,63.25,-0.5,-0.79,1482,https://www.nse.co.ke/wp-content/uploads/11-SEP-26.pdf
2026-09-11,Energy & Petroleum,KenGen Co. Ple Ord. 2.50,KE0000000547,cd,13.1,4.5,11.25,10.9,11,10.95,0.05,0.46,2135435,https://www.nse.co.ke/wp-content/uploads/11-SEP-26.pdf
2026-09-11,Energy & Petroleum,Kenya Pipeline Company Plc Ord 0.02,KE9900006215,,10,8.7,9.02,9,9,9,0,0,242643,https://www.nse.co.ke/wp-content/uploads/11-SEP-26.pdf
2026-09-11,Energy & Petroleum,Kenya Power & Lighting Co Plc Ord 2.50,KE0000000349,,25,5.7,22.8,22.05,22.45,22.05,0.4,1.81,580392,https://www.nse.co.ke/wp-content/uploads/11-SEP-26.pdf
2026-09-11,Energy & Petroleum,Kenya Power & Lighting Plc 4% Pref 20.00,KE4000001877,,5.5,4,,,5.26,5.26,0,0,,https://www.nse.co.ke/wp-content/uploads/11-SEP-26.pdf
2026-09-11,Energy & Petroleum,Kenya Power & Lighting Plc 7% Pref 20.00,KKE4000002982,,6,6,,,6,6,0,0,,https://www.nse.co.ke/wp-content/uploads/11-SEP-26.pdf
2026-09-11,Energy & Petroleum,TotalEnergies Marketing Kenya Plc Ord 5.00,KE0000000463,,52,21,50,48.7,49.6,49.75,-0.15,-0.3,5062,https://www.nse.co.ke/wp-content/uploads/11-SEP-26.pdf
2026-09-11,Energy & Petroleum,Umeme Ltd Ord 0.50,UG0000001145,,24.75,6,6.2,6,6.1,6.12,-0.02,-0.33,34383,https://www.nse.co.ke/wp-content/uploads/11-SEP-26.pdf
2026-09-11,Exchange Traded Funds,ABSA New Gold ETF,ZAE000060067,,6800,881,5400,5265,5290,5415,-125,-2.31,532,https://www.nse.co.ke/wp-content/uploads/11-SEP-26.pdf
2026-09-11,Exchange Traded Funds,Satrix MSCI World Feeder ETF,ZAE000246104,,1895,761,1020,960,966,973,-7,-0.72,440,https://www.nse.co.ke/wp-content/uploads/11-SEP-26.pdf
2026-09-11,Insurance,Britam Holdings Plc Ord 0.10,KKE2000002192,,22.3,5.92,21,20,20.9,20.75,0.15,0.72,549128,https://www.nse.co.ke/wp-content/uploads/11-SEP-26.pdf
2026-09-11,Insurance,Jubilee Holdings Ltd Ord 5.00,KE0000000273,xd,437.75,182,420,410.5,412.75,414,-1.25,-0.3,669,https://www.nse.co.ke/wp-content/uploads/11-SEP-26.pdf
2026-09-11,Insurance,Liberty Kenya Holdings Ltd Ord. 1.00,KE2000002168,,12.2,8.14,9.6,9,9.38,9.52,-0.14,-1.47,5091,https://www.nse.co.ke/wp-content/uploads/11-SEP-26.pdf
2026-09-11,Insurance,Sanlam Allianz Holdings Kenya Ple Ord 5.00,KE0000000414,,12.65,5.5,10.75,10.15,10.5,10.7,-0.2,-1.87,10565,https://www.nse.co.ke/wp-content/uploads/11-SEP-26.pdf
2026-09-11,Investment,Africa Mega Agricorp Plc Ord 5.00sue,KE0000000331,,333.75,10.4,333.75,306.25,327.75,303.5,24.25,7.99,1480,https://www.nse.co.ke/wp-content/uploads/11-SEP-26.pdf
2026-09-11,Investment,East African Breweries Plc Ord 2.00,KE0000000216,eq,351,167,292,287.5,290.5,286,4.5,1.57,36686,https://www.nse.co.ke/wp-content/uploads/11-SEP-26.pdf
2026-09-11,Investment,Flame Tree Group Holdings Ltd Ord 0.825,KE4000001323,,3.11,0.9,2.22,2.06,2.19,2.13,0.06,2.82,28364,https://www.nse.co.ke/wp-content/uploads/11-SEP-26.pdf
2026-09-11,Investment,Home Afrika Ltd Ord 1.00,KE2000007258,,1.83,0.48,1.14,1.1,1.12,1.12,0,0,444898,https://www.nse.co.ke/wp-content/uploads/11-SEP-26.pdf
2026-09-11,Investment,Kurwitu Ventures Ltd Ord 100.00sne,KE4000001216,,1500,1220,,,1355,1355,0,0,,https://www.nse.co.ke/wp-content/uploads/11-SEP-26.pdf
2026-09-11,Investment,Mumias Sugar Co. Ltd Ord 2.00,KE0000000372,,0.27,0.27,,,0.27,0.27,0,0,,https://www.nse.co.ke/wp-content/uploads/11-SEP-26.pdf
2026-09-11,Investment,Olympia Capital Holdings Ltd Ord 5.00,KE0000000166,,9,1.91,8.2,7.7,8.16,7.58,0.58,7.65,6654,https://www.nse.co.ke/wp-content/uploads/11-SEP-26.pdf
2026-09-11,Investment,Shri Krishana Overseas Plc,KE9900001216,,21.6,5.8,16.5,15.3,15.75,16.15,-0.4,-2.48,37730,https://www.nse.co.ke/wp-content/uploads/11-SEP-26.pdf
2026-09-11,Investment,Unga Group Ltd Ord 5.00,KE0000000497,,50,18.05,43.75,40,40.25,40.65,-0.4,-0.98,27665,https://www.nse.co.ke/wp-content/uploads/11-SEP-26.pdf
2026-09-11,Investment Services,Nairobi Securities Exchange Plc Ord 4.00,KE3000009674,,29.75,6.5,29.25,28.15,28.75,28.15,0.6,2.13,125718,https://www.nse.co.ke/wp-content/uploads/11-SEP-26.pdf
2026-09-11,Manufacturing & Allied,British American Tobacco Kenya Plc Ord 10.00,KE0000000075,xq,629,345,560,558,560,558,2,0.36,2426,https://www.nse.co.ke/wp-content/uploads/11-SEP-26.pdf
2026-09-11,Real Estate Investment Trust,ALP Industrial REIT NAV USD 1.0431,KE9900006322,,1.02,1,,,1.02,1.02,0,0,,https://www.nse.co.ke/wp-content/uploads/11-SEP-26.pdf
2026-09-11,Real Estate Investment Trust,LAPTRUST IMARA I-REIT NAV.16.95,KE9100008870,xq,20,20,,,20,20,0,0,,https://www.nse.co.ke/wp-content/uploads/11-SEP-26.pdf
2026-09-11,Real Estate Investment Trust,TRIFIC Green USD I-REIT NAV USD 1.00,KE9930007092,,1.23,1.23,,,1.23,1.23,0,0,,https://www.nse.co.ke/wp-content/uploads/11-SEP-26.pdf
2026-09-11,Telecommunication,Safaricom Plc Ord 0.05,KE1000001402,,39.5,17,36.2,35.05,35.2,36.2,-1,-2.77,,https://www.nse.co.ke/wp-content/uploads/11-SEP-26.pdf
2026-09-14,Agricultural,Eaagads Ltd Ord 1.25 sue,KE0000000208,,37,10,28.15,27.9,28.05,28.5,-0.45,-1.58,107,https://www.nse.co.ke/wp-content/uploads/14-SEP-26.pdf
2026-09-14,Agricultural,Kakuzi Plc Ord.5.00,KE0000000281,,460,240,439,400,432.25,425,7.25,1.71,195,https://www.nse.co.ke/wp-content/uploads/14-SEP-26.pdf
2026-09-14,Agricultural,Kapchorua Tea Kenya Plc Ord 5.00sue,KE4000001760,,424.25,81,345,336,342.25,342.25,0,0,1274,https://www.nse.co.ke/wp-content/uploads/14-SEP-26.pdf
2026-09-14,Agricultural,Sasini Plc Ord 1.00,KE0000000430,,33.9,13.6,25.9,23.85,24.85,24.85,0,0,6272,https://www.nse.co.ke/wp-content/uploads/14-SEP-26.pdf
2026-09-14,Agricultural,The Limuru Tea Co. Plc Ord 10.00sue,KE0000000356,,555,310,530,495,525,525,0,0,54,https://www.nse.co.ke/wp-content/uploads/14-SEP-26.pdf
2026-09-14,Agricultural,Williamson Tea Kenya Plc Ord 5.00,KE0000000505,,350,120,164,161,162,164,-2,-1.22,3019,https://www.nse.co.ke/wp-content/uploads/14-SEP-26.pdf
2026-09-14,Automobiles & Accessories,Car & General (kK) Ltd Ord 5.00,KE0000000109,xq,409,18.5,296,280,283.25,284,-0.75,-0.26,9253,https://www.nse.co.ke/wp-content/uploads/14-SEP-26.pdf
2026-09-14,Banking,ABSA Bank Kenya Plc Ord 0.50,KE0000000067,ed,36.5,15,34,33,33.3,33.5,-0.2,-0.6,154293,https://www.nse.co.ke/wp-content/uploads/14-SEP-26.pdf
2026-09-14,Banking,BK Group Plc Ord 0.80,KE5000008986,,70,28.75,61,59,59.25,60,-0.75,-1.25,3473,https://www.nse.co.ke/wp-content/uploads/14-SEP-26.pdf
2026-09-14,Banking,Diamond Trust Bank Kenya Ltd Ord 4.00,KE0000000158,,198.5,66,191,187,190.25,185.25,5,2.7,55080,https://www.nse.co.ke/wp-content/uploads/14-SEP-26.pdf
2026-09-14,Banking,Equity Group Holdings Plc Ord 0.50,KE0000000554,,109,41.2,103,102,102.5,102,0.5,0.49,243115,https://www.nse.co.ke/wp-content/uploads/14-SEP-26.pdf
2026-09-14,Banking,Family Bank Limited Ord 1.00,KE9930006987,,50,22,30,28,28.6,28.85,-0.25,-0.87,140709,https://www.nse.co.ke/wp-content/uploads/14-SEP-26.pdf
2026-09-14,Banking,HFCB Group Plc Ord 5.00,KE0000000240,,13.6,5.3,12.75,12.5,12.6,12.6,0,0,170836,https://www.nse.co.ke/wp-content/uploads/14-SEP-26.pdf
2026-09-14,Banking,I&M Group Plc Ord 1.00,KE0000000125,,83,29.5,80.5,78,79.75,79.25,0.5,0.63,314777,https://www.nse.co.ke/wp-content/uploads/14-SEP-26.pdf
2026-09-14,Banking,KCB Group Plc Ord 1.00,KE0000000315,,101,35,94,91.5,92.25,94,-1.75,-1.86,1833428,https://www.nse.co.ke/wp-content/uploads/14-SEP-26.pdf
2026-09-14,Banking,NCBA Group Plc Ord 5.00,KE0000000406,xq,100,48,91,89.75,90.25,90.25,0,0,25035,https://www.nse.co.ke/wp-content/uploads/14-SEP-26.pdf
2026-09-14,Banking,Stanbic Holdings Plc ord.5.00,KE0000000091,eq,300,147,293.25,276,283.25,282.25,1,0.35,1853,https://www.nse.co.ke/wp-content/uploads/14-SEP-26.pdf
2026-09-14,Banking,Standard Chartered Bank Kenya Ltd Ord 5.00,KE0000000448,xq,370,260,343,330,339,341.5,-2.5,-0.73,24709,https://www.nse.co.ke/wp-content/uploads/14-SEP-26.pdf
2026-09-14,Banking,The Co-operative Bank of Kenya Ltd Ord 1.00,KE1000001568,,39.95,13.8,37.45,35.9,36.55,37.15,-0.6,-1.62,231337,https://www.nse.co.ke/wp-content/uploads/14-SEP-26.pdf
2026-09-14,Commercial And Services,Deacons (East Africa) Plc Ord 2.50,KE5000005438,,0.45,0.45,,,0.45,0.45,0,0,,https://www.nse.co.ke/wp-content/uploads/14-SEP-26.pdf
2026-09-14,Commercial And Services,Eveready East Africa Ltd Ord.1.00sue,KE0000000588,,1.88,0.75,1.04,1,1,1.03,-0.03,-2.91,413326,https://www.nse.co.ke/wp-content/uploads/14-SEP-26.pdf
2026-09-14,Commercial And Services,Express Kenya Plc Ord 5.00,KKE0000000224,,10,2.7,7.4,6.8,7.3,7.22,0.08,1.11,67501,https://www.nse.co.ke/wp-content/uploads/14-SEP-26.pdf
2026-09-14,Commercial And Services,Homeboyz Entertainment Plc 0.50sue,KE7000001433,,4.66,4.66,,,4.66,4.66,0,0,,https://www.nse.co.ke/wp-content/uploads/14-SEP-26.pdf
2026-09-14,Commercial And Services,Kenya Airways Ltd Ord 1.00,KE0000000307,,9.18,1.56,5.78,5.6,5.68,5.7,-0.02,-0.35,253467,https://www.nse.co.ke/wp-content/uploads/14-SEP-26.pdf
2026-09-14,Commercial And Services,Longhorn Publishers Ple Ord 1.00,KE2000002275,,3.46,2.35,2.92,2.63,2.65,2.67,-0.02,-0.75,42840,https://www.nse.co.ke/wp-content/uploads/14-SEP-26.pdf
2026-09-14,Commercial And Services,Nairobi Business Ventures Plc Ord. 0.50sue,KE5000000090,,5,1.18,1.35,1.18,1.26,1.25,0.01,0.8,54127,https://www.nse.co.ke/wp-content/uploads/14-SEP-26.pdf
2026-09-14,Commercial And Services,Nation Media Group Plc Ord. 2.50,KE0000000380,,22.4,10.05,16.3,15.8,16,16.05,-0.05,-0.31,42565,https://www.nse.co.ke/wp-content/uploads/14-SEP-26.pdf
2026-09-14,Commercial And Services,Sameer Africa Plc Ord 5.00,KKE0000000232,,21.5,2.7,18.2,18,18.1,18.2,-0.1,-0.55,24332,https://www.nse.co.ke/wp-content/uploads/14-SEP-26.pdf
2026-09-14,Commercial And Services,Standard Group Ple Ord 5.00,KE0000000455,,10.8,5.2,6.48,6,6.3,6.12,0.18,2.94,335,https://www.nse.co.ke/wp-content/uploads/14-SEP-26.pdf
2026-09-14,Commercial And Services,TPS Eastern Africa Ltd Ord 1.00,KE0000000539,,19.8,13.05,18,17.6,17.75,18.75,-1,-5.33,10387,https://www.nse.co.ke/wp-content/uploads/14-SEP-26.pdf
2026-09-14,Commercial And Services,Uchumi Supermarket Plc Ord 5.00,KE0000000489,,2.93,0.23,1.35,1.28,1.3,1.23,0.07,5.69,113796,https://www.nse.co.ke/wp-content/uploads/14-SEP-26.pdf
2026-09-14,Commercial And Services,WPP Scangroup Plc Ord 1.00,KE0000000562,,3.95,1.8,2.09,1.98,2.01,2.04,-0.03,-1.47,69801,https://www.nse.co.ke/wp-content/uploads/14-SEP-26.pdf
2026-09-14,Construction & Allied,ARMCement Plc Ord 1.00,KE0000000034,,5.55,5.55,,,5.55,5.55,0,0,,https://www.nse.co.ke/wp-content/uploads/14-SEP-26.pdf
2026-09-14,Construction & Allied,Bamburi Cement Plc Ord 5.00,KE0000000059,,84,21.3,,,54,54,0,0,,https://www.nse.co.ke/wp-content/uploads/14-SEP-26.pdf
2026-09-14,Construction & Allied,Crown Paints Kenya Plc Ord 5.00,KE0000000141,,70.75,29,64,61,63.25,62.75,0.5,0.8,1064,https://www.nse.co.ke/wp-content/uploads/14-SEP-26.pdf
2026-09-14,Energy & Petroleum,KenGen Co. Ple Ord. 2.50,KE0000000547,cd,13.1,4.5,11.25,11,11.1,11,0.1,0.91,561189,https://www.nse.co.ke/wp-content/uploads/14-SEP-26.pdf
2026-09-14,Energy & Petroleum,Kenya Pipeline Company Plc Ord 0.02,KE9900006215,,10,8.7,9.02,9,9,9,0,0,487360,https://www.nse.co.ke/wp-content/uploads/14-SEP-26.pdf
2026-09-14,Energy & Petroleum,Kenya Power & Lighting Co Plc Ord 2.50,KE0000000349,,25,5.7,22.4,22,22.15,22.45,-0.3,-1.34,306207,https://www.nse.co.ke/wp-content/uploads/14-SEP-26.pdf
2026-09-14,Energy & Petroleum,Kenya Power & Lighting Plc 4% Pref 20.00,KE4000001877,,5.5,4,,,5.26,5.26,0,0,,https://www.nse.co.ke/wp-content/uploads/14-SEP-26.pdf
2026-09-14,Energy & Petroleum,Kenya Power & Lighting Plc 7% Pref 20.00,KKE4000002982,,6,6,,,6,6,0,0,,https://www.nse.co.ke/wp-content/uploads/14-SEP-26.pdf
2026-09-14,Energy & Petroleum,TotalEnergies Marketing Kenya Plc Ord 5.00,KE0000000463,,52,21,50,48,49.2,49.6,-0.4,-0.81,10250,https://www.nse.co.ke/wp-content/uploads/14-SEP-26.pdf
2026-09-14,Energy & Petroleum,Umeme Ltd Ord 0.50,UG0000001145,,24.75,5.98,6.2,5.98,6.04,6.1,-0.06,-0.98,69788,https://www.nse.co.ke/wp-content/uploads/14-SEP-26.pdf
2026-09-14,Exchange Traded Funds,ABSA New Gold ETF,ZAE000060067,,6800,881,5440,5250,5290,5290,0,0,50,https://www.nse.co.ke/wp-content/uploads/14-SEP-26.pdf
2026-09-14,Exchange Traded Funds,Satrix MSCI World Feeder ETF,ZAE000246104,,1895,761,1010,965,969,966,3,0.31,406,https://www.nse.co.ke/wp-content/uploads/14-SEP-26.pdf
2026-09-14,Insurance,Britam Holdings Plc Ord 0.10,KKE2000002192,,22.3,5.92,20.5,19.3,19.95,20.9,-0.95,-4.55,64137,https://www.nse.co.ke/wp-content/uploads/14-SEP-26.pdf
2026-09-14,Insurance,Jubilee Holdings Ltd Ord 5.00,KE0000000273,xd,437.75,182,420,410.5,419.75,412.75,7,1.7,5191,https://www.nse.co.ke/wp-content/uploads/14-SEP-26.pdf
2026-09-14,Insurance,Liberty Kenya Holdings Ltd Ord. 1.00,KE2000002168,,12.2,8.14,9.58,9.3,9.4,9.38,0.02,0.21,12519,https://www.nse.co.ke/wp-content/uploads/14-SEP-26.pdf
2026-09-14,Insurance,Sanlam Allianz Holdings Kenya Ple Ord 5.00,KE0000000414,,12.65,5.5,10.85,10.2,10.65,10.5,0.15,1.43,6744,https://www.nse.co.ke/wp-content/uploads/14-SEP-26.pdf
2026-09-14,Investment,Africa Mega Agricorp Plc Ord 5.00sue,KE0000000331,,360.5,10.4,360.5,340,353,327.75,25.25,7.7,919,https://www.nse.co.ke/wp-content/uploads/14-SEP-26.pdf
2026-09-14,Investment,East African Breweries Plc Ord 2.00,KE0000000216,eq,351,167,292,285,286,290.5,-4.5,-1.55,60415,https://www.nse.co.ke/wp-content/uploads/14-SEP-26.pdf
2026-09-14,Investment,Flame Tree Group Holdings Ltd Ord 0.825,KE4000001323,,3.11,0.9,2.16,2.03,2.14,2.19,-0.05,-2.28,5085,https://www.nse.co.ke/wp-content/uploads/14-SEP-26.pdf
2026-09-14,Investment,Home Afrika Ltd Ord 1.00,KE2000007258,,1.83,0.48,1.15,1.1,1.13,1.12,0.01,0.89,308290,https://www.nse.co.ke/wp-content/uploads/14-SEP-26.pdf
2026-09-14,Investment,Kurwitu Ventures Ltd Ord 100.00sne,KE4000001216,,1500,1220,,,1355,1355,0,0,,https://www.nse.co.ke/wp-content/uploads/14-SEP-26.pdf
2026-09-14,Investment,Mumias Sugar Co. Ltd Ord 2.00,KE0000000372,,0.27,0.27,,,0.27,0.27,0,0,,https://www.nse.co.ke/wp-content/uploads/14-SEP-26.pdf
2026-09-14,Investment,Olympia Capital Holdings Ltd Ord 5.00,KE0000000166,,9,1.91,8.3,7.36,8.04,8.16,-0.12,-1.47,1544,https://www.nse.co.ke/wp-content/uploads/14-SEP-26.pdf
2026-09-14,Investment,Shri Krishana Overseas Plc,KE9900001216,,21.6,5.8,17.3,15,16.65,15.75,0.9,5.71,50469,https://www.nse.co.ke/wp-content/uploads/14-SEP-26.pdf
2026-09-14,Investment,Unga Group Ltd Ord 5.00,KE0000000497,,50,18.05,43.45,40,40.8,40.25,0.55,1.37,7687,https://www.nse.co.ke/wp-content/uploads/14-SEP-26.pdf
2026-09-14,Investment Services,Nairobi Securities Exchange Plc Ord 4.00,KE3000009674,,29.75,6.5,29,28,28.2,28.75,-0.55,-1.91,94855,https://www.nse.co.ke/wp-content/uploads/14-SEP-26.pdf
2026-09-14,Manufacturing & Allied,British American Tobacco Kenya Plc Ord 10.00,KE0000000075,xq,629,345,560,557,559,560,-1,-0.18,8944,https://www.nse.co.ke/wp-content/uploads/14-SEP-26.pdf
2026-09-14,Real Estate Investment Trust,ALP Industrial REIT NAV USD 1.0431,KE9900006322,,1.02,1,,,1.02,1.02,0,0,,https://www.nse.co.ke/wp-content/uploads/14-SEP-26.pdf
2026-09-14,Real Estate Investment Trust,LAPTRUST IMARA I-REIT NAV.16.95,KE9100008870,xq,20,20,,,20,20,0,0,,https://www.nse.co.ke/wp-content/uploads/14-SEP-26.pdf
2026-09-14,Real Estate Investment Trust,TRIFIC Green USD I-REIT NAV USD 1.00,KE9930007092,,1.23,1.23,,,1.23,1.23,0,0,,https://www.nse.co.ke/wp-content/uploads/14-SEP-26.pdf
2026-09-14,Telecommunication,Safaricom Plc Ord 0.05,KE1000001402,,39.5,17,36.65,35.2,35.85,35.2,0.65,1.84,,https://www.nse.co.ke/wp-content/uploads/14-SEP-26.pdf
2026-09-15,Agricultural,Eaagads Ltd Ord 1.25 sue,KE0000000208,,37,10,30,26.75,29.55,28.05,1.5,5.35,543,https://www.nse.co.ke/wp-content/uploads/15-SEP-26.pdf
2026-09-15,Agricultural,Kakuzi Plc Ord.5.00,KE0000000281,,460,240,438.5,420,426,432.25,-6.25,-1.45,679,https://www.nse.co.ke/wp-content/uploads/15-SEP-26.pdf
2026-09-15,Agricultural,Kapchorua Tea Kenya Plc Ord 5.00sme,KE4000001760,,424.25,81,344.75,335,341.25,342.25,-1,-0.29,585,https://www.nse.co.ke/wp-content/uploads/15-SEP-26.pdf
2026-09-15,Agricultural,Sasini Plc Ord 1.00,KE0000000430,,33.9,13.6,25.85,23.85,24.75,24.85,-0.1,-0.4,7834,https://www.nse.co.ke/wp-content/uploads/15-SEP-26.pdf
2026-09-15,Agricultural,The Limuru Tea Co. Plc Ord 10.00sme,KE0000000356,,555,310,539,490,535,525,10,1.9,176,https://www.nse.co.ke/wp-content/uploads/15-SEP-26.pdf
2026-09-15,Agricultural,Williamson Tea Kenya Plc Ord 5.00,KE0000000505,,350,120,163.75,162,162.25,162,0.25,0.15,3745,https://www.nse.co.ke/wp-content/uploads/15-SEP-26.pdf
2026-09-15,Automobiles & Accessories,Car & General (K) Ltd Ord 5.00,KE0000000109,xd,409,18.5,280,273.5,278.75,283.25,-4.5,-1.59,6574,https://www.nse.co.ke/wp-content/uploads/15-SEP-26.pdf
2026-09-15,Banking,ABSA Bank Kenya Plc Ord 0.50,KE0000000067,ed,36.5,15,33.2,32,33,33.3,-0.3,-0.9,145696,https://www.nse.co.ke/wp-content/uploads/15-SEP-26.pdf
2026-09-15,Banking,BK Group Plc Ord 0.80,KE5000008986,,70,28.75,60,59.25,59.75,59.25,0.5,0.84,2994,https://www.nse.co.ke/wp-content/uploads/15-SEP-26.pdf
2026-09-15,Banking,Diamond Trust Bank Kenya Ltd Ord 4.00,KE0000000158,,198.5,66,191,189.75,190.25,190.25,0,0,35448,https://www.nse.co.ke/wp-content/uploads/15-SEP-26.pdf
2026-09-15,Banking,Equity Group Holdings Plc Ord 0.50,KE0000000554,,109,41.2,103,101.25,101.75,102.5,-0.75,-0.73,2693270,https://www.nse.co.ke/wp-content/uploads/15-SEP-26.pdf
2026-09-15,Banking,Family Bank Limited Ord 1.00,KE9930006987,,50,22,30,28.6,29.45,28.6,0.85,2.97,154485,https://www.nse.co.ke/wp-content/uploads/15-SEP-26.pdf
2026-09-15,Banking,HFCB Group Plc Ord 5.00,KE0000000240,,13.6,5.3,12.65,12.5,12.6,12.6,0,0,1854316,https://www.nse.co.ke/wp-content/uploads/15-SEP-26.pdf
2026-09-15,Banking,I&M Group Plc Ord 1.00,KKE0000000125,,83,29.5,81,78.5,80,79.75,0.25,0.31,86399,https://www.nse.co.ke/wp-content/uploads/15-SEP-26.pdf
2026-09-15,Banking,KCB Group Ple Ord 1.00,KE0000000315,,101,35,92,89.25,90,92.25,-2.25,-2.44,2322307,https://www.nse.co.ke/wp-content/uploads/15-SEP-26.pdf
2026-09-15,Banking,NCBA Group Ple Ord 5.00,KE0000000406,xq,100,48,90.5,89.5,90,90.25,-0.25,-0.28,212137,https://www.nse.co.ke/wp-content/uploads/15-SEP-26.pdf
2026-09-15,Banking,Stanbic Holdings Plc ord.5.00,KE0000000091,eg,300,147,290,276,282.25,283.25,-1,-0.35,8051,https://www.nse.co.ke/wp-content/uploads/15-SEP-26.pdf
2026-09-15,Banking,Standard Chartered Bank Kenya Ltd Ord 5.00,KE0000000448,xq,370,260,343,326,334.5,339,-4.5,-1.33,14861,https://www.nse.co.ke/wp-content/uploads/15-SEP-26.pdf
2026-09-15,Banking,The Co-operative Bank of Kenya Ltd Ord 1.00,KE1000001568,,39.95,13.8,36.6,35.85,36.2,36.55,-0.35,-0.96,261647,https://www.nse.co.ke/wp-content/uploads/15-SEP-26.pdf
2026-09-15,Commercial And Services,Deacons (East Africa) Plc Ord 2.50,KE5000005438,,0.45,0.45,,,0.45,0.45,0,0,,https://www.nse.co.ke/wp-content/uploads/15-SEP-26.pdf
2026-09-15,Commercial And Services,Eveready East Africa Ltd Ord.1.00sue,KE0000000588,,1.88,0.75,1.04,1,1.04,1,0.04,4,130656,https://www.nse.co.ke/wp-content/uploads/15-SEP-26.pdf
2026-09-15,Commercial And Services,Express Kenya Plc Ord 5.00,KKE0000000224,,10,2.7,7.4,7,7,7.3,-0.3,-4.11,100953,https://www.nse.co.ke/wp-content/uploads/15-SEP-26.pdf
2026-09-15,Commercial And Services,Homeboyz Entertainment Plc 0.50sue,KE7000001433,,4.66,4.66,,,4.66,4.66,0,0,,https://www.nse.co.ke/wp-content/uploads/15-SEP-26.pdf
2026-09-15,Commercial And Services,Kenya Airways Ltd Ord 1.00,KE0000000307,,9.18,1.56,5.7,5.6,5.64,5.68,-0.04,-0.7,148311,https://www.nse.co.ke/wp-content/uploads/15-SEP-26.pdf
2026-09-15,Commercial And Services,Longhorn Publishers Ple Ord 1.00,KE2000002275,,3.46,2.35,2.91,2.7,2.78,2.65,0.13,4.91,15030,https://www.nse.co.ke/wp-content/uploads/15-SEP-26.pdf
2026-09-15,Commercial And Services,Nairobi Business Ventures Plc Ord. 0.50sue,KE5000000090,,5,1.18,1.3,1.23,1.28,1.26,0.02,1.59,12627,https://www.nse.co.ke/wp-content/uploads/15-SEP-26.pdf
2026-09-15,Commercial And Services,Nation Media Group Plc Ord. 2.50,KE0000000380,,22.4,10.05,16.4,15.8,15.9,16,-0.1,-0.62,2031,https://www.nse.co.ke/wp-content/uploads/15-SEP-26.pdf
2026-09-15,Commercial And Services,Sameer Africa Plc Ord 5.00,KKE0000000232,,21.5,2.7,18.2,17.1,17.5,18.1,-0.6,-3.31,4127,https://www.nse.co.ke/wp-content/uploads/15-SEP-26.pdf
2026-09-15,Commercial And Services,Standard Group Ple Ord 5.00,KE0000000455,,10.8,5.2,6.66,6.02,6.38,6.3,0.08,1.27,870,https://www.nse.co.ke/wp-content/uploads/15-SEP-26.pdf
2026-09-15,Commercial And Services,TPS Eastern Africa Ltd Ord 1.00,KE0000000539,,19.8,13.05,18,17.5,17.55,17.75,-0.2,-1.13,10936,https://www.nse.co.ke/wp-content/uploads/15-SEP-26.pdf
2026-09-15,Commercial And Services,Uchumi Supermarket Plc Ord 5.00,KE0000000489,,2.93,0.23,1.35,1.28,1.3,1.3,0,0,127026,https://www.nse.co.ke/wp-content/uploads/15-SEP-26.pdf
2026-09-15,Commercial And Services,WPP Scangroup Plc Ord 1.00,KE0000000562,,3.95,1.8,2.08,1.99,2.03,2.01,0.02,1,24425,https://www.nse.co.ke/wp-content/uploads/15-SEP-26.pdf
2026-09-15,Construction & Allied,ARMCement Plc Ord 1.00,KE0000000034,,5.55,5.55,,,5.55,5.55,0,0,,https://www.nse.co.ke/wp-content/uploads/15-SEP-26.pdf
2026-09-15,Construction & Allied,Bamburi Cement Plc Ord 5.00,KE0000000059,,84,21.3,,,54,54,0,0,,https://www.nse.co.ke/wp-content/uploads/15-SEP-26.pdf
2026-09-15,Construction & Allied,Crown Paints Kenya Plc Ord 5.00,KE0000000141,,70.75,29,64,60,60.25,63.25,-3,-4.74,2021,https://www.nse.co.ke/wp-content/uploads/15-SEP-26.pdf
2026-09-15,Energy & Petroleum,KenGen Co. Ple Ord. 2.50,KE0000000547,cd,13.1,4.5,11.2,10.8,11,11.1,-0.1,-0.9,1920608,https://www.nse.co.ke/wp-content/uploads/15-SEP-26.pdf
2026-09-15,Energy & Petroleum,Kenya Pipeline Company Plc Ord 0.02,KE9900006215,,10,8.7,9.02,9,9,9,0,0,354452,https://www.nse.co.ke/wp-content/uploads/15-SEP-26.pdf
2026-09-15,Energy & Petroleum,Kenya Power & Lighting Co Plc Ord 2.50,KE0000000349,,25,5.7,22.5,22,22.2,22.15,0.05,0.23,447653,https://www.nse.co.ke/wp-content/uploads/15-SEP-26.pdf
2026-09-15,Energy & Petroleum,Kenya Power & Lighting Plc 4% Pref 20.00,KE4000001877,,5.5,4,,,5.26,5.26,0,0,,https://www.nse.co.ke/wp-content/uploads/15-SEP-26.pdf
2026-09-15,Energy & Petroleum,Kenya Power & Lighting Plc 7% Pref 20.00,KKE4000002982,,6,6,,,6,6,0,0,,https://www.nse.co.ke/wp-content/uploads/15-SEP-26.pdf
2026-09-15,Energy & Petroleum,TotalEnergies Marketing Kenya Plc Ord 5.00,KE0000000463,,52,21,49.5,48.6,49.05,49.2,-0.15,-0.3,3683,https://www.nse.co.ke/wp-content/uploads/15-SEP-26.pdf
2026-09-15,Energy & Petroleum,Umeme Ltd Ord 0.50,UG0000001145,,24.75,5.6,6.4,5.6,5.8,6.04,-0.24,-3.97,57088,https://www.nse.co.ke/wp-content/uploads/15-SEP-26.pdf
2026-09-15,Exchange Traded Funds,ABSA New Gold ETF,ZAE000060067,,6800,881,5300,5200,5290,5290,0,0,26,https://www.nse.co.ke/wp-content/uploads/15-SEP-26.pdf
2026-09-15,Exchange Traded Funds,Satrix MSCI World Feeder ETF,ZAE000246104,,1895,761,1000,960,965,969,-4,-0.41,539,https://www.nse.co.ke/wp-content/uploads/15-SEP-26.pdf
2026-09-15,Insurance,Britam Holdings Plc Ord 0.10,KKE2000002192,,22.3,5.92,19.7,19.05,19.35,19.95,-0.6,-3.01,84314,https://www.nse.co.ke/wp-content/uploads/15-SEP-26.pdf
2026-09-15,Insurance,Jubilee Holdings Ltd Ord 5.00,KE0000000273,xd,437.75,182,425,410.5,417.25,419.75,-2.5,-0.6,1085,https://www.nse.co.ke/wp-content/uploads/15-SEP-26.pdf
2026-09-15,Insurance,Liberty Kenya Holdings Ltd Ord. 1.00,KE2000002168,,12.2,8.14,9.6,9.04,9.24,9.4,-0.16,-1.7,4054,https://www.nse.co.ke/wp-content/uploads/15-SEP-26.pdf
2026-09-15,Insurance,Sanlam Allianz Holdings Kenya Ple Ord 5.00,KE0000000414,,12.65,5.5,10.8,10.3,10.75,10.65,0.1,0.94,15102,https://www.nse.co.ke/wp-content/uploads/15-SEP-26.pdf
2026-09-15,Investment,Africa Mega Agricorp Plc Ord 5.00sue,KE0000000331,,388.25,10.4,388.25,317.75,360.25,353,7.25,2.05,4792,https://www.nse.co.ke/wp-content/uploads/15-SEP-26.pdf
2026-09-15,Investment,East African Breweries Plc Ord 2.00,KE0000000216,eq,351,167,290.5,285,286,286,0,0,3649664,https://www.nse.co.ke/wp-content/uploads/15-SEP-26.pdf
2026-09-15,Investment,Flame Tree Group Holdings Ltd Ord 0.825,KE4000001323,,3.11,0.9,2.16,2.02,2.05,2.14,-0.09,-4.21,26160,https://www.nse.co.ke/wp-content/uploads/15-SEP-26.pdf
2026-09-15,Investment,Home Afrika Ltd Ord 1.00,KE2000007258,,1.83,0.48,1.15,1.12,1.14,1.13,0.01,0.88,89539,https://www.nse.co.ke/wp-content/uploads/15-SEP-26.pdf
2026-09-15,Investment,Kurwitu Ventures Ltd Ord 100.00sne,KE4000001216,,1500,1220,,,1355,1355,0,0,,https://www.nse.co.ke/wp-content/uploads/15-SEP-26.pdf
2026-09-15,Investment,Mumias Sugar Co. Ltd Ord 2.00,KE0000000372,,0.27,0.27,,,0.27,0.27,0,0,,https://www.nse.co.ke/wp-content/uploads/15-SEP-26.pdf
2026-09-15,Investment,Olympia Capital Holdings Ltd Ord 5.00,KE0000000166,,9,1.91,8.2,7.24,8,8.04,-0.04,-0.5,6319,https://www.nse.co.ke/wp-content/uploads/15-SEP-26.pdf
2026-09-15,Investment,Shri Krishana Overseas Plc,KE9900001216,,21.6,5.8,18.3,17.3,17.9,16.65,1.25,7.51,100914,https://www.nse.co.ke/wp-content/uploads/15-SEP-26.pdf
2026-09-15,Investment,Unga Group Ltd Ord 5.00,KE0000000497,,50,18.05,44,40,42.3,40.8,1.5,3.68,2764,https://www.nse.co.ke/wp-content/uploads/15-SEP-26.pdf
2026-09-15,Investment Services,Nairobi Securities Exchange Plc Ord 4.00,KE3000009674,,29.75,6.5,29,27.9,28.15,28.2,-0.05,-0.18,399679,https://www.nse.co.ke/wp-content/uploads/15-SEP-26.pdf
2026-09-15,Manufacturing & Allied,British American Tobacco Kenya Plc Ord 10.00,KE0000000075,xq,629,345,560,557,558,559,-1,-0.18,3511,https://www.nse.co.ke/wp-content/uploads/15-SEP-26.pdf
2026-09-15,Real Estate Investment Trust,ALP Industrial REIT NAV USD 1.0431,KE9900006322,,1.02,1,,,1.02,1.02,0,0,,https://www.nse.co.ke/wp-content/uploads/15-SEP-26.pdf
2026-09-15,Real Estate Investment Trust,LAPTRUST IMARA I-REIT NAV.16.95,KE9100008870,xq,20,20,,,20,20,0,0,,https://www.nse.co.ke/wp-content/uploads/15-SEP-26.pdf
2026-09-15,Real Estate Investment Trust,TRIFIC Green USD I-REIT NAV USD 1.00,KE9930007092,,1.23,1.23,,,1.23,1.23,0,0,,https://www.nse.co.ke/wp-content/uploads/15-SEP-26.pdf
2026-09-15,Telecommunication,Safaricom Plc Ord 0.05,KE1000001402,,39.5,17,36.65,36,36.5,35.85,0.65,1.81,3678557,https://www.nse.co.ke/wp-content/uploads/15-SEP-26.pdf
2026-09-16,Agricultural,Eaagads Ltd Ord 1.25 sue,KE0000000208,,37,10,29,26.75,27.25,29.55,-2.3,-7.78,196,https://www.nse.co.ke/wp-content/uploads/16-SEP-26.pdf
2026-09-16,Agricultural,Kakuzi Plc Ord.5.00,KE0000000281,,460,240,424,420,423.25,426,-2.75,-0.65,146,https://www.nse.co.ke/wp-content/uploads/16-SEP-26.pdf
2026-09-16,Agricultural,Kapchorua Tea Kenya Plc Ord 5.00sme,KE4000001760,,424.25,81,344.5,333,335.5,341.25,-5.75,-1.68,1761,https://www.nse.co.ke/wp-content/uploads/16-SEP-26.pdf
2026-09-16,Agricultural,Sasini Plc Ord 1.00,KE0000000430,,33.9,13.6,24.95,23.8,24.55,24.75,-0.2,-0.81,26467,https://www.nse.co.ke/wp-content/uploads/16-SEP-26.pdf
2026-09-16,Agricultural,The Limuru Tea Co. Plc Ord 10.00sme,KE0000000356,,555,310,535,525,535,535,0,0,67,https://www.nse.co.ke/wp-content/uploads/16-SEP-26.pdf
2026-09-16,Agricultural,Williamson Tea Kenya Plc Ord 5.00,KE0000000505,,350,120,163,155,160.25,162.25,-2,-1.23,7557,https://www.nse.co.ke/wp-content/uploads/16-SEP-26.pdf
2026-09-16,Automobiles & Accessories,Car & General (K) Ltd Ord 5.00,KE0000000109,xd,409,18.5,280,255,266,278.75,-12.75,-4.57,13358,https://www.nse.co.ke/wp-content/uploads/16-SEP-26.pdf
2026-09-16,Banking,ABSA Bank Kenya Plc Ord 0.50,KE0000000067,ed,36.5,15,33,31.05,31.25,33,-1.75,-5.3,908946,https://www.nse.co.ke/wp-content/uploads/16-SEP-26.pdf
2026-09-16,Banking,BK Group Plc Ord 0.80,KE5000008986,,70,28.75,60,58.25,58.75,59.75,-1,-1.67,14006,https://www.nse.co.ke/wp-content/uploads/16-SEP-26.pdf
2026-09-16,Banking,Diamond Trust Bank Kenya Ltd Ord 4.00,KE0000000158,,198.5,66,189.75,175,182.25,190.25,-8,-4.2,579724,https://www.nse.co.ke/wp-content/uploads/16-SEP-26.pdf
2026-09-16,Banking,Equity Group Holdings Plc Ord 0.50,KE0000000554,,109,41.2,102,92,96.25,101.75,-5.5,-5.41,1155085,https://www.nse.co.ke/wp-content/uploads/16-SEP-26.pdf
2026-09-16,Banking,Family Bank Limited Ord 1.00,KE9930006987,,50,22,30.1,29,29.35,29.45,-0.1,-0.34,222074,https://www.nse.co.ke/wp-content/uploads/16-SEP-26.pdf
2026-09-16,Banking,HFCB Group Plc Ord 5.00,KE0000000240,,13.6,5.3,12.7,12.3,12.45,12.6,-0.15,-1.19,2948981,https://www.nse.co.ke/wp-content/uploads/16-SEP-26.pdf
2026-09-16,Banking,I&M Group Plc Ord 1.00,KKE0000000125,,83,29.5,80.5,77,79.5,80,-0.5,-0.62,531626,https://www.nse.co.ke/wp-content/uploads/16-SEP-26.pdf
2026-09-16,Banking,KCB Group Ple Ord 1.00,KE0000000315,,101,35,89.75,81.25,84.25,90,-5.75,-6.39,4879816,https://www.nse.co.ke/wp-content/uploads/16-SEP-26.pdf
2026-09-16,Banking,NCBA Group Ple Ord 5.00,KE0000000406,xq,100,48,90,82.5,87.5,90,-2.5,-2.78,43664,https://www.nse.co.ke/wp-content/uploads/16-SEP-26.pdf
2026-09-16,Banking,Stanbic Holdings Plc ord.5.00,KE0000000091,eg,300,147,282.25,275,281.25,282.25,-1,-0.35,176769,https://www.nse.co.ke/wp-content/uploads/16-SEP-26.pdf
2026-09-16,Banking,Standard Chartered Bank Kenya Ltd Ord 5.00,KE0000000448,xq,370,260,340,325,329.5,334.5,-5,-1.49,15750,https://www.nse.co.ke/wp-content/uploads/16-SEP-26.pdf
2026-09-16,Banking,The Co-operative Bank of Kenya Ltd Ord 1.00,KE1000001568,,39.95,13.8,35.95,32.6,33.55,36.2,-2.65,-7.32,687763,https://www.nse.co.ke/wp-content/uploads/16-SEP-26.pdf
2026-09-16,Commercial And Services,Deacons (East Africa) Plc Ord 2.50,KE5000005438,,0.45,0.45,,,0.45,0.45,0,0,,https://www.nse.co.ke/wp-content/uploads/16-SEP-26.pdf
2026-09-16,Commercial And Services,Eveready East Africa Ltd Ord.1.00sue,KE0000000588,,1.88,0.75,1.05,1,1.01,1.04,-0.03,-2.88,167043,https://www.nse.co.ke/wp-content/uploads/16-SEP-26.pdf
2026-09-16,Commercial And Services,Express Kenya Plc Ord 5.00,KKE0000000224,,10,2.7,7.4,7.1,7.24,7,0.24,3.43,15479,https://www.nse.co.ke/wp-content/uploads/16-SEP-26.pdf
2026-09-16,Commercial And Services,Homeboyz Entertainment Plc 0.50sue,KE7000001433,,4.66,4.66,,,4.66,4.66,0,0,,https://www.nse.co.ke/wp-content/uploads/16-SEP-26.pdf
2026-09-16,Commercial And Services,Kenya Airways Ltd Ord 1.00,KE0000000307,,9.18,1.56,5.76,5.6,5.68,5.64,0.04,0.71,1091912,https://www.nse.co.ke/wp-content/uploads/16-SEP-26.pdf
2026-09-16,Commercial And Services,Longhorn Publishers Ple Ord 1.00,KE2000002275,,3.46,2.35,2.98,2.86,2.92,2.78,0.14,5.04,13930,https://www.nse.co.ke/wp-content/uploads/16-SEP-26.pdf
2026-09-16,Commercial And Services,Nairobi Business Ventures Plc Ord. 0.50sue,KE5000000090,,5,1.18,1.3,1.25,1.27,1.28,-0.01,-0.78,35012,https://www.nse.co.ke/wp-content/uploads/16-SEP-26.pdf
2026-09-16,Commercial And Services,Nation Media Group Plc Ord. 2.50,KE0000000380,,22.4,10.05,16.4,14.8,15.25,15.9,-0.65,-4.09,24936,https://www.nse.co.ke/wp-content/uploads/16-SEP-26.pdf
2026-09-16,Commercial And Services,Sameer Africa Plc Ord 5.00,KKE0000000232,,21.5,2.7,17.7,17.1,17.4,17.5,-0.1,-0.57,17986,https://www.nse.co.ke/wp-content/uploads/16-SEP-26.pdf
2026-09-16,Commercial And Services,Standard Group Ple Ord 5.00,KE0000000455,,10.8,5.2,6.5,5.8,6.08,6.38,-0.3,-4.7,5306,https://www.nse.co.ke/wp-content/uploads/16-SEP-26.pdf
2026-09-16,Commercial And Services,TPS Eastern Africa Ltd Ord 1.00,KE0000000539,,19.8,13.05,18,17.2,17.25,17.55,-0.3,-1.71,5329,https://www.nse.co.ke/wp-content/uploads/16-SEP-26.pdf
2026-09-16,Commercial And Services,Uchumi Supermarket Plc Ord 5.00,KE0000000489,,2.93,0.23,1.3,1.19,1.23,1.3,-0.07,-5.38,120644,https://www.nse.co.ke/wp-content/uploads/16-SEP-26.pdf
2026-09-16,Commercial And Services,WPP Scangroup Plc Ord 1.00,KE0000000562,,3.95,1.8,2.06,2,2.03,2.03,0,0,32163,https://www.nse.co.ke/wp-content/uploads/16-SEP-26.pdf
2026-09-16,Construction & Allied,ARMCement Plc Ord 1.00,KE0000000034,,5.55,5.55,,,5.55,5.55,0,0,,https://www.nse.co.ke/wp-content/uploads/16-SEP-26.pdf
2026-09-16,Construction & Allied,Bamburi Cement Plc Ord 5.00,KE0000000059,,84,21.3,,,54,54,0,0,,https://www.nse.co.ke/wp-content/uploads/16-SEP-26.pdf
2026-09-16,Construction & Allied,Crown Paints Kenya Plc Ord 5.00,KE0000000141,,70.75,29,63.25,58,61.75,60.25,1.5,2.49,3385,https://www.nse.co.ke/wp-content/uploads/16-SEP-26.pdf
2026-09-16,Energy & Petroleum,KenGen Co. Ple Ord. 2.50,KE0000000547,cd,13.1,4.5,11,10.3,10.6,11,-0.4,-3.64,2021075,https://www.nse.co.ke/wp-content/uploads/16-SEP-26.pdf
2026-09-16,Energy & Petroleum,Kenya Pipeline Company Plc Ord 0.02,KE9900006215,,10,8.7,9.02,9,9,9,0,0,844258,https://www.nse.co.ke/wp-content/uploads/16-SEP-26.pdf
2026-09-16,Energy & Petroleum,Kenya Power & Lighting Co Plc Ord 2.50,KE0000000349,,25,5.7,22.5,20.55,21.95,22.2,-0.25,-1.13,3932304,https://www.nse.co.ke/wp-content/uploads/16-SEP-26.pdf
2026-09-16,Energy & Petroleum,Kenya Power & Lighting Plc 4% Pref 20.00,KE4000001877,,5.5,4,,,5.26,5.26,0,0,,https://www.nse.co.ke/wp-content/uploads/16-SEP-26.pdf
2026-09-16,Energy & Petroleum,Kenya Power & Lighting Plc 7% Pref 20.00,KKE4000002982,,6,6,,,6,6,0,0,,https://www.nse.co.ke/wp-content/uploads/16-SEP-26.pdf
2026-09-16,Energy & Petroleum,TotalEnergies Marketing Kenya Plc Ord 5.00,KE0000000463,,52,21,49,46,46.35,49.05,-2.7,-5.5,20338,https://www.nse.co.ke/wp-content/uploads/16-SEP-26.pdf
2026-09-16,Energy & Petroleum,Umeme Ltd Ord 0.50,UG0000001145,,24.75,5.22,5.8,5.22,5.48,5.8,-0.32,-5.52,371206,https://www.nse.co.ke/wp-content/uploads/16-SEP-26.pdf
2026-09-16,Exchange Traded Funds,ABSA New Gold ETF,ZAE000060067,,6800,881,5400,5150,5200,5290,-90,-1.7,183,https://www.nse.co.ke/wp-content/uploads/16-SEP-26.pdf
2026-09-16,Exchange Traded Funds,Satrix MSCI World Feeder ETF,ZAE000246104,,1895,761,998,950,959,965,-6,-0.62,641,https://www.nse.co.ke/wp-content/uploads/16-SEP-26.pdf
2026-09-16,Insurance,Britam Holdings Plc Ord 0.10,KKE2000002192,,22.3,5.92,19.95,18,19,19.35,-0.35,-1.81,126556,https://www.nse.co.ke/wp-content/uploads/16-SEP-26.pdf
2026-09-16,Insurance,Jubilee Holdings Ltd Ord 5.00,KE0000000273,xd,437.75,182,420,410.5,411.5,417.25,-5.75,-1.38,1528,https://www.nse.co.ke/wp-content/uploads/16-SEP-26.pdf
2026-09-16,Insurance,Liberty Kenya Holdings Ltd Ord. 1.00,KE2000002168,,12.2,8.14,9.6,8.9,9.12,9.24,-0.12,-1.3,6546,https://www.nse.co.ke/wp-content/uploads/16-SEP-26.pdf
2026-09-16,Insurance,Sanlam Allianz Holdings Kenya Ple Ord 5.00,KE0000000414,,12.65,5.5,10.85,10.15,10.4,10.75,-0.35,-3.26,28463,https://www.nse.co.ke/wp-content/uploads/16-SEP-26.pdf
2026-09-16,Investment,Africa Mega Agricorp Plc Ord 5.00sue,KE0000000331,,388.25,10.4,349,324.25,339.75,360.25,-20.5,-5.69,579,https://www.nse.co.ke/wp-content/uploads/16-SEP-26.pdf
2026-09-16,Investment,East African Breweries Plc Ord 2.00,KE0000000216,eq,351,167,291,280,286.25,286,0.25,0.09,82864,https://www.nse.co.ke/wp-content/uploads/16-SEP-26.pdf
2026-09-16,Investment,Flame Tree Group Holdings Ltd Ord 0.825,KE4000001323,,3.11,0.9,2.16,1.95,2.04,2.05,-0.01,-0.49,15574,https://www.nse.co.ke/wp-content/uploads/16-SEP-26.pdf
2026-09-16,Investment,Home Afrika Ltd Ord 1.00,KE2000007258,,1.83,0.48,1.14,1.11,1.11,1.14,-0.03,-2.63,342731,https://www.nse.co.ke/wp-content/uploads/16-SEP-26.pdf
2026-09-16,Investment,Kurwitu Ventures Ltd Ord 100.00sne,KE4000001216,,1500,1220,1230,1230,1355,1355,0,0,3,https://www.nse.co.ke/wp-content/uploads/16-SEP-26.pdf
2026-09-16,Investment,Mumias Sugar Co. Ltd Ord 2.00,KE0000000372,,0.27,0.27,,,0.27,0.27,0,0,,https://www.nse.co.ke/wp-content/uploads/16-SEP-26.pdf
2026-09-16,Investment,Olympia Capital Holdings Ltd Ord 5.00,KE0000000166,,9,1.91,8.3,7.5,7.74,8,-0.26,-3.25,190,https://www.nse.co.ke/wp-content/uploads/16-SEP-26.pdf
2026-09-16,Investment,Shri Krishana Overseas Plc,KE9900001216,,21.6,5.8,19,16.2,17.5,17.9,-0.4,-2.23,24614,https://www.nse.co.ke/wp-content/uploads/16-SEP-26.pdf
2026-09-16,Investment,Unga Group Ltd Ord 5.00,KE0000000497,,50,18.05,42,39.3,40.9,42.3,-1.4,-3.31,12291,https://www.nse.co.ke/wp-content/uploads/16-SEP-26.pdf
2026-09-16,Investment Services,Nairobi Securities Exchange Plc Ord 4.00,KE3000009674,,29.75,6.5,28.05,26.5,27.25,28.15,-0.9,-3.2,620168,https://www.nse.co.ke/wp-content/uploads/16-SEP-26.pdf
2026-09-16,Manufacturing & Allied,British American Tobacco Kenya Plc Ord 10.00,KE0000000075,xq,629,345,560,545,551,558,-7,-1.25,12724,https://www.nse.co.ke/wp-content/uploads/16-SEP-26.pdf
2026-09-16,Real Estate Investment Trust,ALP Industrial REIT NAV USD 1.0431,KE9900006322,,1.02,1,,,1.02,1.02,0,0,,https://www.nse.co.ke/wp-content/uploads/16-SEP-26.pdf
2026-09-16,Real Estate Investment Trust,LAPTRUST IMARA I-REIT NAV.16.95,KE9100008870,xq,20,20,,,20,20,0,0,,https://www.nse.co.ke/wp-content/uploads/16-SEP-26.pdf
2026-09-16,Real Estate Investment Trust,TRIFIC Green USD I-REIT NAV USD 1.00,KE9930007092,,1.23,1.23,,,1.23,1.23,0,0,,https://www.nse.co.ke/wp-content/uploads/16-SEP-26.pdf
2026-09-16,Telecommunication,Safaricom Plc Ord 0.05,KE1000001402,,39.5,17,36.5,34.5,35.1,36.5,-1.4,-3.84,,https://www.nse.co.ke/wp-content/uploads/16-SEP-26.pdf
2026-09-17,Agricultural,Eaagads Ltd Ord 1.25 sue,KE0000000208,,37,10,29,26.75,27.6,27.25,0.35,1.28,966,https://www.nse.co.ke/wp-content/uploads/17-SEP-26.pdf
2026-09-17,Agricultural,Kakuzi Plc Ord.5.00,KE0000000281,,460,240,438.5,418,420.25,423.25,-3,-0.71,217,https://www.nse.co.ke/wp-content/uploads/17-SEP-26.pdf
2026-09-17,Agricultural,Kapchorua Tea Kenya Plc Ord 5.00sme,KE4000001760,,424.25,81,344.5,327,331.25,335.5,-4.25,-1.27,2447,https://www.nse.co.ke/wp-content/uploads/17-SEP-26.pdf
2026-09-17,Agricultural,Sasini Plc Ord 1.00,KE0000000430,,33.9,13.6,25.1,23.8,24.05,24.55,-0.5,-2.04,6593,https://www.nse.co.ke/wp-content/uploads/17-SEP-26.pdf
2026-09-17,Agricultural,The Limuru Tea Co. Plc Ord 10.00sme,KE0000000356,,555,310,497,495.5,535,535,0,0,8,https://www.nse.co.ke/wp-content/uploads/17-SEP-26.pdf
2026-09-17,Agricultural,Williamson Tea Kenya Plc Ord 5.00,KE0000000505,,350,120,160,150,154.25,160.25,-6,-3.74,11592,https://www.nse.co.ke/wp-content/uploads/17-SEP-26.pdf
2026-09-17,Automobiles & Accessories,Car & General (K) Ltd Ord 5.00,KE0000000109,xq,409,18.5,263,239.5,242.25,266,-23.75,-8.93,28336,https://www.nse.co.ke/wp-content/uploads/17-SEP-26.pdf
2026-09-17,Banking,ABSA Bank Kenya Plc Ord 0.50,KE0000000067,ed,36.5,15,31,28.15,30,31.25,-1.25,-4,737122,https://www.nse.co.ke/wp-content/uploads/17-SEP-26.pdf
2026-09-17,Banking,BK Group Plc Ord 0.80,KE5000008986,,70,28.75,58.25,53,54.75,58.75,-4,-6.81,75460,https://www.nse.co.ke/wp-content/uploads/17-SEP-26.pdf
2026-09-17,Banking,Diamond Trust Bank Kenya Ltd Ord 4.00,KE0000000158,,198.5,66,179,164.25,169.25,182.25,-13,-7.13,108323,https://www.nse.co.ke/wp-content/uploads/17-SEP-26.pdf
2026-09-17,Banking,Equity Group Holdings Plc Ord 0.50,KE0000000554,,109,41.2,96.75,94,96,96.25,-0.25,-0.26,2506440,https://www.nse.co.ke/wp-content/uploads/17-SEP-26.pdf
2026-09-17,Banking,Family Bank Limited Ord 1.00,KE9930006987,,50,22,29.8,27,28.15,29.35,-1.2,-4.09,152314,https://www.nse.co.ke/wp-content/uploads/17-SEP-26.pdf
2026-09-17,Banking,HFCB Group Plc Ord 5.00,KE0000000240,,13.6,5.3,12.2,11.25,11.5,12.45,-0.95,-7.63,749423,https://www.nse.co.ke/wp-content/uploads/17-SEP-26.pdf
2026-09-17,Banking,I&M Group Plc Ord 1.00,KKE0000000125,,83,29.5,80,75,79.25,79.5,-0.25,-0.31,3360656,https://www.nse.co.ke/wp-content/uploads/17-SEP-26.pdf
2026-09-17,Banking,KCB Group Ple Ord 1.00,KE0000000315,,101,35,85.5,84,84.25,84.25,0,0,3095708,https://www.nse.co.ke/wp-content/uploads/17-SEP-26.pdf
2026-09-17,Banking,NCBA Group Ple Ord 5.00,KE0000000406,xq,100,48,88,82.5,84.25,87.5,-3.25,-3.71,41783,https://www.nse.co.ke/wp-content/uploads/17-SEP-26.pdf
2026-09-17,Banking,Stanbic Holdings Plc ord.5.00,KE0000000091,eg,300,147,281.25,265,279.75,281.25,-1.5,-0.53,377829,https://www.nse.co.ke/wp-content/uploads/17-SEP-26.pdf
2026-09-17,Banking,Standard Chartered Bank Kenya Ltd Ord 5.00,KE0000000448,xq,370,260,339,327,331.25,329.5,1.75,0.53,13244,https://www.nse.co.ke/wp-content/uploads/17-SEP-26.pdf
2026-09-17,Banking,The Co-operative Bank of Kenya Ltd Ord 1.00,KE1000001568,,39.95,13.8,33,31.5,31.95,33.55,-1.6,-4.77,1925802,https://www.nse.co.ke/wp-content/uploads/17-SEP-26.pdf
2026-09-17,Commercial And Services,Deacons (East Africa) Plc Ord 2.50,KE5000005438,,0.45,0.45,,,0.45,0.45,0,0,,https://www.nse.co.ke/wp-content/uploads/17-SEP-26.pdf
2026-09-17,Commercial And Services,Eveready East Africa Ltd Ord.1.00sue,KE0000000588,,1.88,0.75,1.03,1,1.01,1.01,0,0,204115,https://www.nse.co.ke/wp-content/uploads/17-SEP-26.pdf
2026-09-17,Commercial And Services,Express Kenya Plc Ord 5.00,KKE0000000224,,10,2.7,7.38,6.6,7.02,7.24,-0.22,-3.04,29852,https://www.nse.co.ke/wp-content/uploads/17-SEP-26.pdf
2026-09-17,Commercial And Services,Homeboyz Entertainment Plc 0.50sue,KE7000001433,,4.66,4.66,,,4.66,4.66,0,0,,https://www.nse.co.ke/wp-content/uploads/17-SEP-26.pdf
2026-09-17,Commercial And Services,Kenya Airways Ltd Ord 1.00,KE0000000307,,9.18,1.56,5.76,5.5,5.7,5.68,0.02,0.35,1927277,https://www.nse.co.ke/wp-content/uploads/17-SEP-26.pdf
2026-09-17,Commercial And Services,Longhorn Publishers Ple Ord 1.00,KE2000002275,,3.46,2.35,2.92,2.7,2.82,2.92,-0.1,-3.42,6704,https://www.nse.co.ke/wp-content/uploads/17-SEP-26.pdf
2026-09-17,Commercial And Services,Nairobi Business Ventures Plc Ord. 0.50sue,KE5000000090,,5,1.15,1.25,1.15,1.23,1.27,-0.04,-3.15,28864,https://www.nse.co.ke/wp-content/uploads/17-SEP-26.pdf
2026-09-17,Commercial And Services,Nation Media Group Plc Ord. 2.50,KE0000000380,,22.4,10.05,16,14,14.85,15.25,-0.4,-2.62,57906,https://www.nse.co.ke/wp-content/uploads/17-SEP-26.pdf
2026-09-17,Commercial And Services,Sameer Africa Plc Ord 5.00,KKE0000000232,,21.5,2.7,17,16,16.45,17.4,-0.95,-5.46,34233,https://www.nse.co.ke/wp-content/uploads/17-SEP-26.pdf
2026-09-17,Commercial And Services,Standard Group Ple Ord 5.00,KE0000000455,,10.8,5.2,6.4,6.1,6.28,6.08,0.2,3.29,3652,https://www.nse.co.ke/wp-content/uploads/17-SEP-26.pdf
2026-09-17,Commercial And Services,TPS Eastern Africa Ltd Ord 1.00,KE0000000539,,19.8,13.05,17.95,16,16.45,17.25,-0.8,-4.64,12091,https://www.nse.co.ke/wp-content/uploads/17-SEP-26.pdf
2026-09-17,Commercial And Services,Uchumi Supermarket Plc Ord 5.00,KE0000000489,,2.93,0.23,1.26,1.19,1.22,1.23,-0.01,-0.81,486866,https://www.nse.co.ke/wp-content/uploads/17-SEP-26.pdf
2026-09-17,Commercial And Services,WPP Scangroup Plc Ord 1.00,KE0000000562,,3.95,1.8,2.03,1.95,1.98,2.03,-0.05,-2.46,20317,https://www.nse.co.ke/wp-content/uploads/17-SEP-26.pdf
2026-09-17,Construction & Allied,ARMCement Plc Ord 1.00,KE0000000034,,5.55,5.55,,,5.55,5.55,0,0,,https://www.nse.co.ke/wp-content/uploads/17-SEP-26.pdf
2026-09-17,Construction & Allied,Bamburi Cement Plc Ord 5.00,KE0000000059,,84,21.3,,,54,54,0,0,,https://www.nse.co.ke/wp-content/uploads/17-SEP-26.pdf
2026-09-17,Construction & Allied,Crown Paints Kenya Plc Ord 5.00,KE0000000141,,70.75,29,60.25,58,59,61.75,-2.75,-4.45,858,https://www.nse.co.ke/wp-content/uploads/17-SEP-26.pdf
2026-09-17,Energy & Petroleum,KenGen Co. Ple Ord. 2.50,KE0000000547,cd,13.1,4.5,10.5,9.92,10.05,10.6,-0.55,-5.19,2561075,https://www.nse.co.ke/wp-content/uploads/17-SEP-26.pdf
2026-09-17,Energy & Petroleum,Kenya Pipeline Company Plc Ord 0.02,KE9900006215,,10,8.7,9.02,9,9,9,0,0,373205,https://www.nse.co.ke/wp-content/uploads/17-SEP-26.pdf
2026-09-17,Energy & Petroleum,Kenya Power & Lighting Co Plc Ord 2.50,KE0000000349,,25,5.7,22.1,21.5,21.85,21.95,-0.1,-0.46,3306626,https://www.nse.co.ke/wp-content/uploads/17-SEP-26.pdf
2026-09-17,Energy & Petroleum,Kenya Power & Lighting Plc 4% Pref 20.00,KE4000001877,,5.5,4,,,5.26,5.26,0,0,,https://www.nse.co.ke/wp-content/uploads/17-SEP-26.pdf
2026-09-17,Energy & Petroleum,Kenya Power & Lighting Plc 7% Pref 20.00,KKE4000002982,,6,6,,,6,6,0,0,,https://www.nse.co.ke/wp-content/uploads/17-SEP-26.pdf
2026-09-17,Energy & Petroleum,TotalEnergies Marketing Kenya Plc Ord 5.00,KE0000000463,,52,21,46.35,43,43.85,46.35,-2.5,-5.39,18215,https://www.nse.co.ke/wp-content/uploads/17-SEP-26.pdf
2026-09-17,Energy & Petroleum,Umeme Ltd Ord 0.50,UG0000001145,,24.75,5.22,5.9,5.3,5.52,5.48,0.04,0.73,73439,https://www.nse.co.ke/wp-content/uploads/17-SEP-26.pdf
2026-09-17,Exchange Traded Funds,ABSA New Gold ETF,ZAE000060067,,6800,881,5350,5200,5200,5200,0,0,71,https://www.nse.co.ke/wp-content/uploads/17-SEP-26.pdf
2026-09-17,Exchange Traded Funds,Satrix MSCI World Feeder ETF,ZAE000246104,,1895,761,970,930,943,959,-16,-1.67,955,https://www.nse.co.ke/wp-content/uploads/17-SEP-26.pdf
2026-09-17,Insurance,Britam Holdings Plc Ord 0.10,KKE2000002192,,22.3,5.92,18.1,17.1,17.5,19,-1.5,-7.9,,https://www.nse.co.ke/wp-content/uploads/17-SEP-26.pdf
2026-09-17,Insurance,Jubilee Holdings Ltd Ord 5.00,KE0000000273,xd,437.75,182,410.5,380.25,393.5,411.5,-18,-4.37,1387,https://www.nse.co.ke/wp-content/uploads/17-SEP-26.pdf
2026-09-17,Insurance,Liberty Kenya Holdings Ltd Ord. 1.00,KE2000002168,,12.2,8.14,9.58,8.98,9.18,9.12,0.06,0.66,11053,https://www.nse.co.ke/wp-content/uploads/17-SEP-26.pdf
2026-09-17,Insurance,Sanlam Allianz Holdings Kenya Ple Ord 5.00,KE0000000414,,12.65,5.5,10.4,9.7,10.15,10.4,-0.25,-2.4,29098,https://www.nse.co.ke/wp-content/uploads/17-SEP-26.pdf
2026-09-17,Investment,Africa Mega Agricorp Plc Ord 5.00sne,KE0000000331,,388.25,10.4,306,306,306,339.75,-33.75,-9.93,527,https://www.nse.co.ke/wp-content/uploads/17-SEP-26.pdf
2026-09-17,Investment,East African Breweries Plc Ord 2.00,KE0000000216,eq,351,167,296,277.5,295.75,286.25,9.5,3.32,5297974,https://www.nse.co.ke/wp-content/uploads/17-SEP-26.pdf
2026-09-17,Investment,Flame Tree Group Holdings Ltd Ord 0.825,KE4000001323,,3.11,0.9,2.04,1.84,1.86,2.04,-0.18,-8.82,269168,https://www.nse.co.ke/wp-content/uploads/17-SEP-26.pdf
2026-09-17,Investment,Home Afrika Ltd Ord 1.00,KE2000007258,,1.83,0.48,1.11,1.02,1.07,1.11,-0.04,-3.6,812445,https://www.nse.co.ke/wp-content/uploads/17-SEP-26.pdf
2026-09-17,Investment,Kurwitu Ventures Ltd Ord 100.00sne,KE4000001216,,1500,1220,1230,1230,1355,1355,0,0,5,https://www.nse.co.ke/wp-content/uploads/17-SEP-26.pdf
2026-09-17,Investment,Mumias Sugar Co. Ltd Ord 2.00,KE0000000372,,0.27,0.27,,,0.27,0.27,0,0,,https://www.nse.co.ke/wp-content/uploads/17-SEP-26.pdf
2026-09-17,Investment,Olympia Capital Holdings Ltd Ord 5.00,KE0000000166,,9,1.91,8,7.06,7.26,7.74,-0.48,-6.2,1595,https://www.nse.co.ke/wp-content/uploads/17-SEP-26.pdf
2026-09-17,Investment,Shri Krishana Overseas Plc,KE9900001216,,21.6,5.8,18.85,17,17.6,17.5,0.1,0.57,4075,https://www.nse.co.ke/wp-content/uploads/17-SEP-26.pdf
2026-09-17,Investment,Unga Group Ltd Ord 5.00,KE0000000497,,50,18.05,40,38.05,38.7,40.9,-2.2,-5.38,40879,https://www.nse.co.ke/wp-content/uploads/17-SEP-26.pdf
2026-09-17,Investment Services,Nairobi Securities Exchange Plc Ord 4.00,KE3000009674,,29.75,6.5,27.6,25,26.25,27.25,-1,-3.67,331900,https://www.nse.co.ke/wp-content/uploads/17-SEP-26.pdf
2026-09-17,Manufacturing & Allied,British American Tobacco Kenya Plc Ord 10.00,KE0000000075,xq,629,345,550,540,547,551,-4,-0.73,6275,https://www.nse.co.ke/wp-content/uploads/17-SEP-26.pdf
2026-09-17,Real Estate Investment Trust,ALP Industrial REIT NAV USD 1.0431,KE9900006322,,1.02,1,,,1.02,1.02,0,0,,https://www.nse.co.ke/wp-content/uploads/17-SEP-26.pdf
2026-09-17,Real Estate Investment Trust,LAPTRUST IMARA I-REIT NAV.16.95,KE9100008870,xq,20,20,,,20,20,0,0,,https://www.nse.co.ke/wp-content/uploads/17-SEP-26.pdf
2026-09-17,Real Estate Investment Trust,TRIFIC Green USD I-REIT NAV USD 1.00,KE9930007092,,1.23,1.23,,,1.23,1.23,0,0,,https://www.nse.co.ke/wp-content/uploads/17-SEP-26.pdf
2026-09-17,Telecommunication,Safaricom Plc Ord 0.05,KE1000001402,,39.5,17,36,35.1,35.2,35.1,0.1,0.28,,https://www.nse.co.ke/wp-content/uploads/17-SEP-26.pdf
2026-09-18,Agricultural,Eaagads Ltd Ord 1.25 sue,KE0000000208,,37,10,28.85,27,27.05,27.6,-0.55,-1.99,13617,https://www.nse.co.ke/wp-content/uploads/18-SEP-26.pdf
2026-09-18,Agricultural,Kakuzi Plc Ord.5.00,KE0000000281,,460,240,439.75,400,437.5,420.25,17.25,4.1,783,https://www.nse.co.ke/wp-content/uploads/18-SEP-26.pdf
2026-09-18,Agricultural,Kapchorua Tea Kenya Plc Ord 5.00sme,KE4000001760,,424.25,81,344,320,334.75,331.25,3.5,1.06,2526,https://www.nse.co.ke/wp-content/uploads/18-SEP-26.pdf
2026-09-18,Agricultural,Sasini Plc Ord 1.00,KE0000000430,,33.9,13.6,24.3,23.55,23.8,24.05,-0.25,-1.04,11160,https://www.nse.co.ke/wp-content/uploads/18-SEP-26.pdf
2026-09-18,Agricultural,The Limuru Tea Co. Plc Ord 10.00sme,KE0000000356,,555,310,535,497,535,535,0,0,5,https://www.nse.co.ke/wp-content/uploads/18-SEP-26.pdf
2026-09-18,Agricultural,Williamson Tea Kenya Plc Ord 5.00,KE0000000505,,350,120,160,150.25,153.5,154.25,-0.75,-0.49,10596,https://www.nse.co.ke/wp-content/uploads/18-SEP-26.pdf
2026-09-18,Automobiles & Accessories,Car & General (K) Ltd Ord 5.00,KE0000000109,xq,409,18.5,266.25,239.5,258.75,242.25,16.5,6.81,13104,https://www.nse.co.ke/wp-content/uploads/18-SEP-26.pdf
2026-09-18,Banking,ABSA Bank Kenya Plc Ord 0.50,KE0000000067,ed,36.5,15,33,30,31.1,30,1.1,3.67,661442,https://www.nse.co.ke/wp-content/uploads/18-SEP-26.pdf
2026-09-18,Banking,BK Group Plc Ord 0.80,KE5000008986,,70,28.75,60,54.25,55,54.75,0.25,0.46,62672,https://www.nse.co.ke/wp-content/uploads/18-SEP-26.pdf
2026-09-18,Banking,Diamond Trust Bank Kenya Ltd Ord 4.00,KE0000000158,,198.5,66,184,175,179.5,169.25,10.25,6.06,110010,https://www.nse.co.ke/wp-content/uploads/18-SEP-26.pdf
2026-09-18,Banking,Equity Group Holdings Plc Ord 0.50,KE0000000554,,109,41.2,101.75,96,98.5,96,2.5,2.6,2253516,https://www.nse.co.ke/wp-content/uploads/18-SEP-26.pdf
2026-09-18,Banking,Family Bank Limited Ord 1.00,KE9930006987,,50,22,30,26.5,27.95,28.15,-0.2,-0.71,441993,https://www.nse.co.ke/wp-content/uploads/18-SEP-26.pdf
2026-09-18,Banking,HFCB Group Plc Ord 5.00,KE0000000240,,13.6,5.3,12,11.25,11.4,11.5,-0.1,-0.87,209481,https://www.nse.co.ke/wp-content/uploads/18-SEP-26.pdf
2026-09-18,Banking,I&M Group Plc Ord 1.00,KKE0000000125,,83,29.5,80.5,77,80.25,79.25,1,1.26,358470,https://www.nse.co.ke/wp-content/uploads/18-SEP-26.pdf
2026-09-18,Banking,KCB Group Ple Ord 1.00,KE0000000315,,101,35,91.5,84,87,84.25,2.75,3.26,5476671,https://www.nse.co.ke/wp-content/uploads/18-SEP-26.pdf
2026-09-18,Banking,NCBA Group Ple Ord 5.00,KE0000000406,xq,100,48,90,83.5,86.25,84.25,2,2.37,68005,https://www.nse.co.ke/wp-content/uploads/18-SEP-26.pdf
2026-09-18,Banking,Stanbic Holdings Plc ord.5.00,KE0000000091,eq,300,147,280,270,278,279.75,-1.75,-0.63,70817,https://www.nse.co.ke/wp-content/uploads/18-SEP-26.pdf
2026-09-18,Banking,Standard Chartered Bank Kenya Ltd Ord 5.00,KE0000000448,xq,370,260,334,329,330.75,331.25,-0.5,-0.15,12945,https://www.nse.co.ke/wp-content/uploads/18-SEP-26.pdf
2026-09-18,Banking,The Co-operative Bank of Kenya Ltd Ord 1.00,KE1000001568,,39.95,13.8,35.1,31.95,34.8,31.95,2.85,8.92,4241075,https://www.nse.co.ke/wp-content/uploads/18-SEP-26.pdf
2026-09-18,Commercial And Services,Deacons (East Africa) Plc Ord 2.50,KE5000005438,,0.45,0.45,,,0.45,0.45,0,0,,https://www.nse.co.ke/wp-content/uploads/18-SEP-26.pdf
2026-09-18,Commercial And Services,Eveready East Africa Ltd Ord.1.00sue,KE0000000588,,1.88,0.75,1.04,1.01,1.02,1.01,0.01,0.99,205628,https://www.nse.co.ke/wp-content/uploads/18-SEP-26.pdf
2026-09-18,Commercial And Services,Express Kenya Plc Ord 5.00,KKE0000000224,,10,2.7,7.26,7.2,7.2,7.02,0.18,2.56,6290,https://www.nse.co.ke/wp-content/uploads/18-SEP-26.pdf
2026-09-18,Commercial And Services,Homeboyz Entertainment Plc 0.50sue,KE7000001433,,4.66,4.66,,,4.66,4.66,0,0,,https://www.nse.co.ke/wp-content/uploads/18-SEP-26.pdf
2026-09-18,Commercial And Services,Kenya Airways Ltd Ord 1.00,KE0000000307,,9.18,1.56,5.7,5.6,5.62,5.7,-0.08,-1.4,324896,https://www.nse.co.ke/wp-content/uploads/18-SEP-26.pdf
2026-09-18,Commercial And Services,Longhorn Publishers Ple Ord 1.00,KE2000002275,,3.46,2.35,2.92,2.7,2.73,2.82,-0.09,-3.19,4579,https://www.nse.co.ke/wp-content/uploads/18-SEP-26.pdf
2026-09-18,Commercial And Services,Nairobi Business Ventures Plc Ord. 0.50sue,KE5000000090,,5,1.14,1.3,1.14,1.26,1.23,0.03,2.44,32756,https://www.nse.co.ke/wp-content/uploads/18-SEP-26.pdf
2026-09-18,Commercial And Services,Nation Media Group Plc Ord. 2.50,KE0000000380,,22.4,10.05,15.9,14,14.85,14.85,0,0,9612,https://www.nse.co.ke/wp-content/uploads/18-SEP-26.pdf
2026-09-18,Commercial And Services,Sameer Africa Plc Ord 5.00,KKE0000000232,,21.5,2.7,17,16,16.5,16.45,0.05,0.3,9888,https://www.nse.co.ke/wp-content/uploads/18-SEP-26.pdf
2026-09-18,Commercial And Services,Standard Group Ple Ord 5.00,KE0000000455,,10.8,5.2,6.28,5.82,5.88,6.28,-0.4,-6.37,7875,https://www.nse.co.ke/wp-content/uploads/18-SEP-26.pdf
2026-09-18,Commercial And Services,TPS Eastern Africa Ltd Ord 1.00,KE0000000539,,19.8,13.05,17.9,16,17.7,16.45,1.25,7.6,3062,https://www.nse.co.ke/wp-content/uploads/18-SEP-26.pdf
2026-09-18,Commercial And Services,Uchumi Supermarket Plc Ord 5.00,KE0000000489,,2.93,0.23,1.26,1.1,1.19,1.22,-0.03,-2.46,453282,https://www.nse.co.ke/wp-content/uploads/18-SEP-26.pdf
2026-09-18,Commercial And Services,WPP Scangroup Plc Ord 1.00,KE0000000562,,3.95,1.8,2.03,1.97,2.01,1.98,0.03,1.52,33326,https://www.nse.co.ke/wp-content/uploads/18-SEP-26.pdf
2026-09-18,Construction & Allied,ARMCement Plc Ord 1.00,KE0000000034,,5.55,5.55,,,5.55,5.55,0,0,,https://www.nse.co.ke/wp-content/uploads/18-SEP-26.pdf
2026-09-18,Construction & Allied,Bamburi Cement Plc Ord 5.00,KE0000000059,,84,21.3,,,54,54,0,0,,https://www.nse.co.ke/wp-content/uploads/18-SEP-26.pdf
2026-09-18,Construction & Allied,Crown Paints Kenya Plc Ord 5.00,KE0000000141,,70.75,29,60,58,59.5,59,0.5,0.85,1004,https://www.nse.co.ke/wp-content/uploads/18-SEP-26.pdf
2026-09-18,Energy & Petroleum,KenGen Co. Ple Ord. 2.50,KE0000000547,cd,13.1,4.5,10.95,10,10.7,10.05,0.65,6.47,2015973,https://www.nse.co.ke/wp-content/uploads/18-SEP-26.pdf
2026-09-18,Energy & Petroleum,Kenya Pipeline Company Plc Ord 0.02,KE9900006215,,10,8.7,9.02,9,9,9,0,0,343148,https://www.nse.co.ke/wp-content/uploads/18-SEP-26.pdf
2026-09-18,Energy & Petroleum,Kenya Power & Lighting Co Plc Ord 2.50,KE0000000349,cd,25,5.7,23,22,22.75,21.85,0.9,4.12,2265426,https://www.nse.co.ke/wp-content/uploads/18-SEP-26.pdf
2026-09-18,Energy & Petroleum,Kenya Power & Lighting Plc 4% Pref 20.00,KE4000001877,,5.5,4,,,5.26,5.26,0,0,,https://www.nse.co.ke/wp-content/uploads/18-SEP-26.pdf
2026-09-18,Energy & Petroleum,Kenya Power & Lighting Plc 7% Pref 20.00,KKE4000002982,,6,6,,,6,6,0,0,,https://www.nse.co.ke/wp-content/uploads/18-SEP-26.pdf
2026-09-18,Energy & Petroleum,TotalEnergies Marketing Kenya Plc Ord 5.00,KE0000000463,,52,21,48.2,43.8,46.2,43.85,2.35,5.36,753,https://www.nse.co.ke/wp-content/uploads/18-SEP-26.pdf
2026-09-18,Energy & Petroleum,Umeme Ltd Ord 0.50,UG0000001145,,24.75,5.22,5.94,5.4,5.56,5.52,0.04,0.72,53571,https://www.nse.co.ke/wp-content/uploads/18-SEP-26.pdf
2026-09-18,Exchange Traded Funds,ABSA New Gold ETF,ZAE000060067,,6800,881,5500,5300,5390,5200,190,3.65,298,https://www.nse.co.ke/wp-content/uploads/18-SEP-26.pdf
2026-09-18,Exchange Traded Funds,Satrix MSCI World Feeder ETF,ZAE000246104,,1895,761,971,950,963,943,20,2.12,955,https://www.nse.co.ke/wp-content/uploads/18-SEP-26.pdf
2026-09-18,Insurance,Britam Holdings Plc Ord 0.10,KKE2000002192,,22.3,5.92,18.5,15.75,17.5,17.5,0,0,4293956,https://www.nse.co.ke/wp-content/uploads/18-SEP-26.pdf
2026-09-18,Insurance,Jubilee Holdings Ltd Ord 5.00,KE0000000273,xd,437.75,182,410.5,398,400.25,393.5,6.75,1.72,3081,https://www.nse.co.ke/wp-content/uploads/18-SEP-26.pdf
2026-09-18,Insurance,Liberty Kenya Holdings Ltd Ord. 1.00,KE2000002168,,12.2,8.14,9.5,9,9.36,9.18,0.18,1.96,4427,https://www.nse.co.ke/wp-content/uploads/18-SEP-26.pdf
2026-09-18,Insurance,Sanlam Allianz Holdings Kenya Ple Ord 5.00,KE0000000414,,12.65,5.5,10.4,10.2,10.4,10.15,0.25,2.46,18670,https://www.nse.co.ke/wp-content/uploads/18-SEP-26.pdf
2026-09-18,Investment,Africa Mega Agricorp Plc Ord 5.00sue,KE0000000331,,388.25,10.4,300,275.5,281.75,306,-24.25,-7.92,1249,https://www.nse.co.ke/wp-content/uploads/18-SEP-26.pdf
2026-09-18,Investment,East African Breweries Plc Ord 2.00,KE0000000216,eq,351,167,290,285,287,295.75,-8.75,-2.96,7962,https://www.nse.co.ke/wp-content/uploads/18-SEP-26.pdf
2026-09-18,Investment,Flame Tree Group Holdings Ltd Ord 0.825,KE4000001323,,3.11,0.9,2.04,1.86,1.97,1.86,0.11,5.91,34017,https://www.nse.co.ke/wp-content/uploads/18-SEP-26.pdf
2026-09-18,Investment,Home Afrika Ltd Ord 1.00,KE2000007258,,1.83,0.48,1.12,1.07,1.08,1.07,0.01,0.93,85559,https://www.nse.co.ke/wp-content/uploads/18-SEP-26.pdf
2026-09-18,Investment,Kurwitu Ventures Ltd Ord 100.00sne,KE4000001216,,1500,1220,,,1355,1355,0,0,,https://www.nse.co.ke/wp-content/uploads/18-SEP-26.pdf
2026-09-18,Investment,Mumias Sugar Co. Ltd Ord 2.00,KE0000000372,,0.27,0.27,,,0.27,0.27,0,0,,https://www.nse.co.ke/wp-content/uploads/18-SEP-26.pdf
2026-09-18,Investment,Olympia Capital Holdings Ltd Ord 5.00,KE0000000166,,9,1.91,7.3,6.6,7.04,7.26,-0.22,-3.03,13127,https://www.nse.co.ke/wp-content/uploads/18-SEP-26.pdf
2026-09-18,Investment,Shri Krishana Overseas Plc,KE9900001216,,21.6,5.8,17.75,15.85,16,17.6,-1.6,-9.09,68773,https://www.nse.co.ke/wp-content/uploads/18-SEP-26.pdf
2026-09-18,Investment,Unga Group Ltd Ord 5.00,KE0000000497,,50,18.05,40,37,39.25,38.7,0.55,1.42,7351,https://www.nse.co.ke/wp-content/uploads/18-SEP-26.pdf
2026-09-18,Investment Services,Nairobi Securities Exchange Plc Ord 4.00,KE3000009674,,29.75,6.5,28.85,25.05,27.65,26.25,1.4,5.33,144995,https://www.nse.co.ke/wp-content/uploads/18-SEP-26.pdf
2026-09-18,Manufacturing & Allied,British American Tobacco Kenya Plc Ord 10.00,KE0000000075,xq,629,345,565,550,558,547,11,2.01,5336,https://www.nse.co.ke/wp-content/uploads/18-SEP-26.pdf
2026-09-18,Real Estate Investment Trust,ALP Industrial REIT NAV USD 1.0431,KE9900006322,,1.02,1,,,1.02,1.02,0,0,,https://www.nse.co.ke/wp-content/uploads/18-SEP-26.pdf
2026-09-18,Real Estate Investment Trust,LAPTRUST IMARA I-REIT NAV.16.95,KE9100008870,xq,20,20,,,20,20,0,0,,https://www.nse.co.ke/wp-content/uploads/18-SEP-26.pdf
2026-09-18,Real Estate Investment Trust,TRIFIC Green USD I-REIT NAV USD 1.00,KE9930007092,,1.23,1.23,,,1.23,1.23,0,0,,https://www.nse.co.ke/wp-content/uploads/18-SEP-26.pdf
2026-09-18,Telecommunication,Safaricom Plc Ord 0.05,KE1000001402,,39.5,17,37,35.15,35.3,35.2,0.1,0.28,436,https://www.nse.co.ke/wp-content/uploads/18-SEP-26.pdf
2026-09-21,Agricultural,Eaagads Ltd Ord 1.25 sue,KE0000000208,,37,10,29.05,26.6,28.7,27.05,1.65,6.1,965,https://www.nse.co.ke/wp-content/uploads/21-SEP-26.pdf
2026-09-21,Agricultural,Kakuzi Plc Ord.5.00,KE0000000281,,460,240,435,435,437.5,437.5,0,0,53,https://www.nse.co.ke/wp-content/uploads/21-SEP-26.pdf
2026-09-21,Agricultural,Kapchorua Tea Kenya Plc Ord 5.00sme,KE4000001760,,424.25,81,345.5,320,336.25,334.75,1.5,0.45,992,https://www.nse.co.ke/wp-content/uploads/21-SEP-26.pdf
2026-09-21,Agricultural,Sasini Plc Ord 1.00,KE0000000430,,33.9,13.6,24.9,22.2,23.35,23.8,-0.45,-1.89,12001,https://www.nse.co.ke/wp-content/uploads/21-SEP-26.pdf
2026-09-21,Agricultural,The Limuru Tea Co. Plc Ord 10.00sme,KE0000000356,,555,310,535,497,510,535,-25,-4.67,155,https://www.nse.co.ke/wp-content/uploads/21-SEP-26.pdf
2026-09-21,Agricultural,Williamson Tea Kenya Plc Ord 5.00,KE0000000505,,350,120,162,160,160,153.5,6.5,4.23,1669,https://www.nse.co.ke/wp-content/uploads/21-SEP-26.pdf
2026-09-21,Automobiles & Accessories,Car & General (K) Ltd Ord 5.00,KE0000000109,xq,409,18.5,284.5,284.5,284.5,258.75,25.75,9.95,12210,https://www.nse.co.ke/wp-content/uploads/21-SEP-26.pdf
2026-09-21,Banking,ABSA Bank Kenya Plc Ord 0.50,KE0000000067,xq,36.5,15,33.5,32,33,31.1,1.9,6.11,761356,https://www.nse.co.ke/wp-content/uploads/21-SEP-26.pdf
2026-09-21,Banking,BK Group Plc Ord 0.80,KE5000008986,,70,28.75,60.5,59,59.75,55,4.75,8.64,1874,https://www.nse.co.ke/wp-content/uploads/21-SEP-26.pdf
2026-09-21,Banking,Diamond Trust Bank Kenya Ltd Ord 4.00,KE0000000158,,198.5,66,189.75,183.5,184.25,179.5,4.75,2.65,78793,https://www.nse.co.ke/wp-content/uploads/21-SEP-26.pdf
2026-09-21,Banking,Equity Group Holdings Plc Ord 0.50,KE0000000554,,109,41.2,104.75,101.75,102.75,98.5,4.25,4.31,472506,https://www.nse.co.ke/wp-content/uploads/21-SEP-26.pdf
2026-09-21,Banking,Family Bank Limited Ord 1.00,KE9930006987,,50,22,30.1,29.5,29.9,27.95,1.95,6.98,183197,https://www.nse.co.ke/wp-content/uploads/21-SEP-26.pdf
2026-09-21,Banking,HFCB Group Plc Ord 5.00,KE0000000240,,13.6,5.3,12.2,11.7,11.95,11.4,0.55,4.82,71024,https://www.nse.co.ke/wp-content/uploads/21-SEP-26.pdf
2026-09-21,Banking,I&M Group Plc Ord 1.00,KKE0000000125,,83,29.5,81.5,80,80.5,80.25,0.25,0.31,235985,https://www.nse.co.ke/wp-content/uploads/21-SEP-26.pdf
2026-09-21,Banking,KCB Group Ple Ord 1.00,KE0000000315,,101,35,95,91.25,94,87,7,8.05,3672934,https://www.nse.co.ke/wp-content/uploads/21-SEP-26.pdf
2026-09-21,Banking,NCBA Group Ple Ord 5.00,KE0000000406,xq,100,48,90,89,89.75,86.25,3.5,4.06,34365,https://www.nse.co.ke/wp-content/uploads/21-SEP-26.pdf
2026-09-21,Banking,Stanbic Holdings Plc ord.5.00,KE0000000091,eq,300,147,290,278,279,278,1,0.36,103375,https://www.nse.co.ke/wp-content/uploads/21-SEP-26.pdf
2026-09-21,Banking,Standard Chartered Bank Kenya Ltd Ord 5.00,KE0000000448,xq,370,260,342,331,335.5,330.75,4.75,1.44,10987,https://www.nse.co.ke/wp-content/uploads/21-SEP-26.pdf
2026-09-21,Banking,The Co-operative Bank of Kenya Ltd Ord 1.00,KE1000001568,,39.95,13.8,37.5,35.1,36.15,34.8,1.35,3.88,239439,https://www.nse.co.ke/wp-content/uploads/21-SEP-26.pdf
2026-09-21,Commercial And Services,Deacons (East Africa) Plc Ord 2.50,KE5000005438,,0.45,0.45,,,0.45,0.45,0,0,,https://www.nse.co.ke/wp-content/uploads/21-SEP-26.pdf
2026-09-21,Commercial And Services,Eveready East Africa Ltd Ord.1.00sue,KE0000000588,,1.88,0.75,1.04,0.98,1,1.02,-0.02,-1.96,335082,https://www.nse.co.ke/wp-content/uploads/21-SEP-26.pdf
2026-09-21,Commercial And Services,Express Kenya Plc Ord 5.00,KKE0000000224,,10,2.7,7.26,7,7.02,7.2,-0.18,-2.5,5839,https://www.nse.co.ke/wp-content/uploads/21-SEP-26.pdf
2026-09-21,Commercial And Services,Homeboyz Entertainment Plc 0.50sue,KE7000001433,,4.66,4.66,,,4.66,4.66,0,0,,https://www.nse.co.ke/wp-content/uploads/21-SEP-26.pdf
2026-09-21,Commercial And Services,Kenya Airways Ltd Ord 1.00,KE0000000307,,9.18,1.56,5.7,5.64,5.68,5.62,0.06,1.07,125338,https://www.nse.co.ke/wp-content/uploads/21-SEP-26.pdf
2026-09-21,Commercial And Services,Longhorn Publishers Ple Ord 1.00,KE2000002275,,3.46,2.35,2.9,2.72,2.73,2.73,0,0,14166,https://www.nse.co.ke/wp-content/uploads/21-SEP-26.pdf
2026-09-21,Commercial And Services,Nairobi Business Ventures Plc Ord. 0.50sue,KE5000000090,,5,1.14,1.35,1.24,1.27,1.26,0.01,0.79,58251,https://www.nse.co.ke/wp-content/uploads/21-SEP-26.pdf
2026-09-21,Commercial And Services,Nation Media Group Plc Ord. 2.50,KE0000000380,,22.4,10.05,15,14.5,14.95,14.85,0.1,0.67,2859,https://www.nse.co.ke/wp-content/uploads/21-SEP-26.pdf
2026-09-21,Commercial And Services,Sameer Africa Plc Ord 5.00,KKE0000000232,,21.5,2.7,18,16.5,16.9,16.5,0.4,2.42,9080,https://www.nse.co.ke/wp-content/uploads/21-SEP-26.pdf
2026-09-21,Commercial And Services,Standard Group Ple Ord 5.00,KE0000000455,,10.8,5.2,6.3,6,6.2,5.88,0.32,5.44,1426,https://www.nse.co.ke/wp-content/uploads/21-SEP-26.pdf
2026-09-21,Commercial And Services,TPS Eastern Africa Ltd Ord 1.00,KE0000000539,,19.8,13.05,17.9,17,17.1,17.7,-0.6,-3.39,1779,https://www.nse.co.ke/wp-content/uploads/21-SEP-26.pdf
2026-09-21,Commercial And Services,Uchumi Supermarket Plc Ord 5.00,KE0000000489,,2.93,0.23,1.3,1.18,1.23,1.19,0.04,3.36,2165498,https://www.nse.co.ke/wp-content/uploads/21-SEP-26.pdf
2026-09-21,Commercial And Services,WPP Scangroup Plc Ord 1.00,KE0000000562,,3.95,1.8,2.01,1.97,1.99,2.01,-0.02,-1,47582,https://www.nse.co.ke/wp-content/uploads/21-SEP-26.pdf
2026-09-21,Construction & Allied,ARMCement Plc Ord 1.00,KE0000000034,,5.55,5.55,,,5.55,5.55,0,0,,https://www.nse.co.ke/wp-content/uploads/21-SEP-26.pdf
2026-09-21,Construction & Allied,Bamburi Cement Plc Ord 5.00,KE0000000059,,84,21.3,,,54,54,0,0,,https://www.nse.co.ke/wp-content/uploads/21-SEP-26.pdf
2026-09-21,Construction & Allied,Crown Paints Kenya Plc Ord 5.00,KE0000000141,,70.75,29,60.25,58,58.25,59.5,-1.25,-2.1,5775,https://www.nse.co.ke/wp-content/uploads/21-SEP-26.pdf
2026-09-21,Energy & Petroleum,KenGen Co. Ple Ord. 2.50,KE0000000547,cd,13.1,4.5,11.05,10.65,10.8,10.7,0.1,0.93,2751658,https://www.nse.co.ke/wp-content/uploads/21-SEP-26.pdf
2026-09-21,Energy & Petroleum,Kenya Pipeline Company Plc Ord 0.02,KE9900006215,,10,8.7,9.2,9,9.04,9,0.04,0.44,366775,https://www.nse.co.ke/wp-content/uploads/21-SEP-26.pdf
2026-09-21,Energy & Petroleum,Kenya Power & Lighting Co Plc Ord 2.50,KE0000000349,cd,25,5.7,24.5,23,24.35,22.75,1.6,7.03,5846533,https://www.nse.co.ke/wp-content/uploads/21-SEP-26.pdf
2026-09-21,Energy & Petroleum,Kenya Power & Lighting Plc 4% Pref 20.00,KE4000001877,,5.5,4,,,5.26,5.26,0,0,,https://www.nse.co.ke/wp-content/uploads/21-SEP-26.pdf
2026-09-21,Energy & Petroleum,Kenya Power & Lighting Plc 7% Pref 20.00,KKE4000002982,,6,6,,,6,6,0,0,,https://www.nse.co.ke/wp-content/uploads/21-SEP-26.pdf
2026-09-21,Energy & Petroleum,TotalEnergies Marketing Kenya Plc Ord 5.00,KE0000000463,,52,21,48.2,46.2,47.15,46.2,0.95,2.06,9946,https://www.nse.co.ke/wp-content/uploads/21-SEP-26.pdf
2026-09-21,Energy & Petroleum,Umeme Ltd Ord 0.50,UG0000001145,,24.75,5.22,6.06,5.7,5.92,5.56,0.36,6.47,34897,https://www.nse.co.ke/wp-content/uploads/21-SEP-26.pdf
2026-09-21,Exchange Traded Funds,ABSA New Gold ETF,ZAE000060067,,6800,881,5480,5210,5390,5390,0,0,89,https://www.nse.co.ke/wp-content/uploads/21-SEP-26.pdf
2026-09-21,Exchange Traded Funds,Satrix MSCI World Feeder ETF,ZAE000246104,,1895,761,972,969,971,963,8,0.83,533,https://www.nse.co.ke/wp-content/uploads/21-SEP-26.pdf
2026-09-21,Insurance,Britam Holdings Plc Ord 0.10,KKE2000002192,,22.3,5.92,19.25,18.3,18.95,17.5,1.45,8.29,2925536,https://www.nse.co.ke/wp-content/uploads/21-SEP-26.pdf
2026-09-21,Insurance,Jubilee Holdings Ltd Ord 5.00,KE0000000273,xd,437.75,182,415,399,399.75,400.25,-0.5,-0.12,2627,https://www.nse.co.ke/wp-content/uploads/21-SEP-26.pdf
2026-09-21,Insurance,Liberty Kenya Holdings Ltd Ord. 1.00,KE2000002168,,12.2,8.14,9.5,8.9,9.14,9.36,-0.22,-2.35,3524,https://www.nse.co.ke/wp-content/uploads/21-SEP-26.pdf
2026-09-21,Insurance,Sanlam Allianz Holdings Kenya Ple Ord 5.00,KE0000000414,,12.65,5.5,10.8,9.5,9.92,10.4,-0.48,-4.62,17185,https://www.nse.co.ke/wp-content/uploads/21-SEP-26.pdf
2026-09-21,Investment,Africa Mega Agricorp Plc Ord 5.00sue,KE0000000331,,388.25,10.4,309,276,300,281.75,18.25,6.48,1417,https://www.nse.co.ke/wp-content/uploads/21-SEP-26.pdf
2026-09-21,Investment,East African Breweries Plc Ord 2.00,KE0000000216,eq,351,167,290,276,281.25,287,-5.75,-2,22667,https://www.nse.co.ke/wp-content/uploads/21-SEP-26.pdf
2026-09-21,Investment,Flame Tree Group Holdings Ltd Ord 0.825,KE4000001323,,3.11,0.9,2.16,2,2.03,1.97,0.06,3.05,17023,https://www.nse.co.ke/wp-content/uploads/21-SEP-26.pdf
2026-09-21,Investment,Home Afrika Ltd Ord 1.00,KE2000007258,,1.83,0.48,1.11,1.08,1.1,1.08,0.02,1.85,229750,https://www.nse.co.ke/wp-content/uploads/21-SEP-26.pdf
2026-09-21,Investment,Kurwitu Ventures Ltd Ord 100.00sne,KE4000001216,,1500,1220,1355,1355,1355,1355,0,0,2,https://www.nse.co.ke/wp-content/uploads/21-SEP-26.pdf
2026-09-21,Investment,Mumias Sugar Co. Ltd Ord 2.00,KE0000000372,,0.27,0.27,,,0.27,0.27,0,0,,https://www.nse.co.ke/wp-content/uploads/21-SEP-26.pdf
2026-09-21,Investment,Olympia Capital Holdings Ltd Ord 5.00,KE0000000166,,9,1.91,7.2,6.7,7.08,7.04,0.04,0.57,5262,https://www.nse.co.ke/wp-content/uploads/21-SEP-26.pdf
2026-09-21,Investment,Shri Krishana Overseas Plc,KE9900001216,,21.6,5.8,17.6,16.3,17.35,16,1.35,8.44,11921,https://www.nse.co.ke/wp-content/uploads/21-SEP-26.pdf
2026-09-21,Investment,Unga Group Ltd Ord 5.00,KE0000000497,,50,18.05,42.25,35.5,40.45,39.25,1.2,3.06,11130,https://www.nse.co.ke/wp-content/uploads/21-SEP-26.pdf
2026-09-21,Investment Services,Nairobi Securities Exchange Plc Ord 4.00,KE3000009674,,29.75,6.5,29.2,27.85,28.5,27.65,0.85,3.07,55215,https://www.nse.co.ke/wp-content/uploads/21-SEP-26.pdf
2026-09-21,Manufacturing & Allied,British American Tobacco Kenya Plc Ord 10.00,KE0000000075,xq,629,345,565,558,560,558,2,0.36,15132,https://www.nse.co.ke/wp-content/uploads/21-SEP-26.pdf
2026-09-21,Real Estate Investment Trust,ALP Industrial REIT NAV USD 1.0431,KE9900006322,,1.02,1,,,1.02,1.02,0,0,,https://www.nse.co.ke/wp-content/uploads/21-SEP-26.pdf
2026-09-21,Real Estate Investment Trust,LAPTRUST IMARA I-REIT NAV.16.95,KE9100008870,xq,20,20,,,20,20,0,0,,https://www.nse.co.ke/wp-content/uploads/21-SEP-26.pdf
2026-09-21,Real Estate Investment Trust,TRIFIC Green USD I-REIT NAV USD 1.00,KE9930007092,,1.23,1.23,,,1.23,1.23,0,0,,https://www.nse.co.ke/wp-content/uploads/21-SEP-26.pdf
2026-09-21,Telecommunication,Safaricom Plc Ord 0.05,KE1000001402,,39.5,17,37.05,36,36.3,35.3,1,2.83,6792154,https://www.nse.co.ke/wp-content/uploads/21-SEP-26.pdf
2026-09-22,Agricultural,Eaagads Ltd Ord 1.25 sue,KE0000000208,,37,10,29,26.5,28.3,28.7,-0.4,-1.39,5470,https://www.nse.co.ke/wp-content/uploads/22-SEP-26.pdf
2026-09-22,Agricultural,Kakuzi Plc Ord.5.00,KE0000000281,,460,240,439.75,412,435,437.5,-2.5,-0.57,582,https://www.nse.co.ke/wp-content/uploads/22-SEP-26.pdf
2026-09-22,Agricultural,Kapchorua Tea Kenya Plc Ord 5.00sme,KE4000001760,,424.25,81,344,334.75,342,336.25,5.75,1.71,2386,https://www.nse.co.ke/wp-content/uploads/22-SEP-26.pdf
2026-09-22,Agricultural,Sasini Plc Ord 1.00,KE0000000430,,33.9,13.6,24.3,22.75,23.75,23.35,0.4,1.71,21867,https://www.nse.co.ke/wp-content/uploads/22-SEP-26.pdf
2026-09-22,Agricultural,The Limuru Tea Co. Plc Ord 10.00sme,KE0000000356,,555,310,535,500,510,510,0,0,12,https://www.nse.co.ke/wp-content/uploads/22-SEP-26.pdf
2026-09-22,Agricultural,Williamson Tea Kenya Plc Ord 5.00,KE0000000505,,350,120,161,155.25,160,160,0,0,3649,https://www.nse.co.ke/wp-content/uploads/22-SEP-26.pdf
2026-09-22,Automobiles & Accessories,Car & General (K) Ltd Ord 5.00,KE0000000109,xd,409,18.5,312.75,284.5,298.25,284.5,13.75,4.83,9061,https://www.nse.co.ke/wp-content/uploads/22-SEP-26.pdf
2026-09-22,Banking,ABSA Bank Kenya Plc Ord 0.50,KE0000000067,xq,36.5,15,33.4,32,33.05,33,0.05,0.15,638758,https://www.nse.co.ke/wp-content/uploads/22-SEP-26.pdf
2026-09-22,Banking,BK Group Plc Ord 0.80,KE5000008986,,70,28.75,60,56.5,57,59.75,-2.75,-4.6,26709,https://www.nse.co.ke/wp-content/uploads/22-SEP-26.pdf
2026-09-22,Banking,Diamond Trust Bank Kenya Ltd Ord 4.00,KE0000000158,,198.5,66,187,184,184.5,184.25,0.25,0.14,73748,https://www.nse.co.ke/wp-content/uploads/22-SEP-26.pdf
2026-09-22,Banking,Equity Group Holdings Plc Ord 0.50,KE0000000554,,109,41.2,105.75,102,105,102.75,2.25,2.19,4351364,https://www.nse.co.ke/wp-content/uploads/22-SEP-26.pdf
2026-09-22,Banking,Family Bank Limited Ord 1.00,KE9930006987,,50,22,30,29.05,29.65,29.9,-0.25,-0.84,249585,https://www.nse.co.ke/wp-content/uploads/22-SEP-26.pdf
2026-09-22,Banking,HFCB Group Plc Ord 5.00,KE0000000240,,13.6,5.3,12.5,12,12.35,11.95,0.4,3.35,76162,https://www.nse.co.ke/wp-content/uploads/22-SEP-26.pdf
2026-09-22,Banking,I&M Group Plc Ord 1.00,KKE0000000125,,83,29.5,82.5,80.5,81.25,80.5,0.75,0.93,354091,https://www.nse.co.ke/wp-content/uploads/22-SEP-26.pdf
2026-09-22,Banking,KCB Group Ple Ord 1.00,KE0000000315,,101,35,94,92,93,94,-1,-1.06,818806,https://www.nse.co.ke/wp-content/uploads/22-SEP-26.pdf
2026-09-22,Banking,NCBA Group Ple Ord 5.00,KE0000000406,xq,100,48,90,89.75,90,89.75,0.25,0.28,46771,https://www.nse.co.ke/wp-content/uploads/22-SEP-26.pdf
2026-09-22,Banking,Stanbic Holdings Plc ord.5.00,KE0000000091,eq,300,147,290,275,285.5,279,6.5,2.33,2478,https://www.nse.co.ke/wp-content/uploads/22-SEP-26.pdf
2026-09-22,Banking,Standard Chartered Bank Kenya Ltd Ord 5.00,KE0000000448,xq,370,260,340,329,332,335.5,-3.5,-1.04,32378,https://www.nse.co.ke/wp-content/uploads/22-SEP-26.pdf
2026-09-22,Banking,The Co-operative Bank of Kenya Ltd Ord 1.00,KE1000001568,,39.95,13.8,37.5,36.4,37.35,36.15,1.2,3.32,611717,https://www.nse.co.ke/wp-content/uploads/22-SEP-26.pdf
2026-09-22,Commercial And Services,Deacons (East Africa) Plc Ord 2.50,KE5000005438,,0.45,0.45,,,0.45,0.45,0,0,,https://www.nse.co.ke/wp-content/uploads/22-SEP-26.pdf
2026-09-22,Commercial And Services,Eveready East Africa Ltd Ord.1.00sue,KE0000000588,,1.88,0.75,1.04,0.95,1,1,0,0,191911,https://www.nse.co.ke/wp-content/uploads/22-SEP-26.pdf
2026-09-22,Commercial And Services,Express Kenya Plc Ord 5.00,KKE0000000224,,10,2.7,7.36,6.5,7.02,7.02,0,0,43548,https://www.nse.co.ke/wp-content/uploads/22-SEP-26.pdf
2026-09-22,Commercial And Services,Homeboyz Entertainment Plc 0.50sue,KE7000001433,,4.66,4.66,,,4.66,4.66,0,0,,https://www.nse.co.ke/wp-content/uploads/22-SEP-26.pdf
2026-09-22,Commercial And Services,Kenya Airways Ltd Ord 1.00,KE0000000307,,9.18,1.56,5.76,5.62,5.68,5.68,0,0,273484,https://www.nse.co.ke/wp-content/uploads/22-SEP-26.pdf
2026-09-22,Commercial And Services,Longhorn Publishers Ple Ord 1.00,KE2000002275,,3.46,2.35,2.9,2.72,2.74,2.73,0.01,0.37,7951,https://www.nse.co.ke/wp-content/uploads/22-SEP-26.pdf
2026-09-22,Commercial And Services,Nairobi Business Ventures Plc Ord. 0.50sue,KE5000000090,,5,1.14,1.3,1.25,1.29,1.27,0.02,1.57,64213,https://www.nse.co.ke/wp-content/uploads/22-SEP-26.pdf
2026-09-22,Commercial And Services,Nation Media Group Plc Ord. 2.50,KE0000000380,,22.4,10.05,15.85,14.6,15.1,14.95,0.15,1,20445,https://www.nse.co.ke/wp-content/uploads/22-SEP-26.pdf
2026-09-22,Commercial And Services,Sameer Africa Plc Ord 5.00,KKE0000000232,,21.5,2.7,18,15.25,16.2,16.9,-0.7,-4.14,6017,https://www.nse.co.ke/wp-content/uploads/22-SEP-26.pdf
2026-09-22,Commercial And Services,Standard Group Ple Ord 5.00,KE0000000455,,10.8,5.2,6.3,6,6.16,6.2,-0.04,-0.65,2155,https://www.nse.co.ke/wp-content/uploads/22-SEP-26.pdf
2026-09-22,Commercial And Services,TPS Eastern Africa Ltd Ord 1.00,KE0000000539,,19.8,13.05,17.8,16.5,17.35,17.1,0.25,1.46,1286,https://www.nse.co.ke/wp-content/uploads/22-SEP-26.pdf
2026-09-22,Commercial And Services,Uchumi Supermarket Plc Ord 5.00,KE0000000489,,2.93,0.23,1.35,1.35,1.35,1.23,0.12,9.76,153406,https://www.nse.co.ke/wp-content/uploads/22-SEP-26.pdf
2026-09-22,Commercial And Services,WPP Scangroup Plc Ord 1.00,KE0000000562,,3.95,1.8,2,1.97,1.98,1.99,-0.01,-0.5,48315,https://www.nse.co.ke/wp-content/uploads/22-SEP-26.pdf
2026-09-22,Construction & Allied,ARMCement Plc Ord 1.00,KE0000000034,,5.55,5.55,,,5.55,5.55,0,0,,https://www.nse.co.ke/wp-content/uploads/22-SEP-26.pdf
2026-09-22,Construction & Allied,Bamburi Cement Plc Ord 5.00,KE0000000059,,84,21.3,,,54,54,0,0,,https://www.nse.co.ke/wp-content/uploads/22-SEP-26.pdf
2026-09-22,Construction & Allied,Crown Paints Kenya Plc Ord 5.00,KE0000000141,,70.75,29,60,57.5,58.75,58.25,0.5,0.86,3053,https://www.nse.co.ke/wp-content/uploads/22-SEP-26.pdf
2026-09-22,Energy & Petroleum,KenGen Co. Ple Ord. 2.50,KE0000000547,cd,13.1,4.5,10.8,10.65,10.75,10.8,-0.05,-0.46,923978,https://www.nse.co.ke/wp-content/uploads/22-SEP-26.pdf
2026-09-22,Energy & Petroleum,Kenya Pipeline Company Plc Ord 0.02,KE9900006215,,10,8.7,9.06,9,9,9.04,-0.04,-0.44,268052,https://www.nse.co.ke/wp-content/uploads/22-SEP-26.pdf
2026-09-22,Energy & Petroleum,Kenya Power & Lighting Co Plc Ord 2.50,KE0000000349,cd,25,5.7,23.55,23,23.35,24.35,-1,-4.11,1068679,https://www.nse.co.ke/wp-content/uploads/22-SEP-26.pdf
2026-09-22,Energy & Petroleum,Kenya Power & Lighting Plc 4% Pref 20.00,KE4000001877,,5.5,4,,,5.26,5.26,0,0,,https://www.nse.co.ke/wp-content/uploads/22-SEP-26.pdf
2026-09-22,Energy & Petroleum,Kenya Power & Lighting Plc 7% Pref 20.00,KKE4000002982,,6,6,,,6,6,0,0,,https://www.nse.co.ke/wp-content/uploads/22-SEP-26.pdf
2026-09-22,Energy & Petroleum,TotalEnergies Marketing Kenya Plc Ord 5.00,KE0000000463,,52,21,48,47,47.75,7.15,40.6,567.83,8894,https://www.nse.co.ke/wp-content/uploads/22-SEP-26.pdf
2026-09-22,Energy & Petroleum,Umeme Ltd Ord 0.50,UG0000001145,,24.75,5.22,6.2,6,6.06,5.92,0.14,2.36,43589,https://www.nse.co.ke/wp-content/uploads/22-SEP-26.pdf
2026-09-22,Exchange Traded Funds,ABSA New Gold ETF,ZAE000060067,,6800,881,5480,5205,5350,5390,-40,-0.74,172,https://www.nse.co.ke/wp-content/uploads/22-SEP-26.pdf
2026-09-22,Exchange Traded Funds,Satrix MSCI World Feeder ETF,ZAE000246104,,1895,761,981,955,971,971,0,0,315,https://www.nse.co.ke/wp-content/uploads/22-SEP-26.pdf
2026-09-22,Insurance,Britam Holdings Plc Ord 0.10,KKE2000002192,,22.3,5.92,20,18.55,19.45,18.95,0.5,2.64,1163449,https://www.nse.co.ke/wp-content/uploads/22-SEP-26.pdf
2026-09-22,Insurance,Jubilee Holdings Ltd Ord 5.00,KE0000000273,xd,437.75,182,415,395,407.5,399.75,7.75,1.94,1576,https://www.nse.co.ke/wp-content/uploads/22-SEP-26.pdf
2026-09-22,Insurance,Liberty Kenya Holdings Ltd Ord. 1.00,KE2000002168,,12.2,8.14,9.5,9.02,9.36,9.14,0.22,2.41,5205,https://www.nse.co.ke/wp-content/uploads/22-SEP-26.pdf
2026-09-22,Insurance,Sanlam Allianz Holdings Kenya Ple Ord 5.00,KE0000000414,,12.65,5.5,10.9,10.2,10.55,9.92,0.63,6.35,19830,https://www.nse.co.ke/wp-content/uploads/22-SEP-26.pdf
2026-09-22,Investment,Africa Mega Agricorp Plc Ord 5.00sue,KE0000000331,,388.25,10.4,330,307,329.5,300,29.5,9.83,587,https://www.nse.co.ke/wp-content/uploads/22-SEP-26.pdf
2026-09-22,Investment,East African Breweries Plc Ord 2.00,KE0000000216,eq,351,167,290,281,282,281.25,0.75,0.27,36899,https://www.nse.co.ke/wp-content/uploads/22-SEP-26.pdf
2026-09-22,Investment,Flame Tree Group Holdings Ltd Ord 0.825,KE4000001323,,3.11,0.9,2.14,1.97,2.01,2.03,-0.02,-0.99,43560,https://www.nse.co.ke/wp-content/uploads/22-SEP-26.pdf
2026-09-22,Investment,Home Afrika Ltd Ord 1.00,KE2000007258,,1.83,0.48,1.13,1.1,1.12,1.1,0.02,1.82,361076,https://www.nse.co.ke/wp-content/uploads/22-SEP-26.pdf
2026-09-22,Investment,Kurwitu Ventures Ltd Ord 100.00sne,KE4000001216,,1500,1220,,,1355,1355,0,0,,https://www.nse.co.ke/wp-content/uploads/22-SEP-26.pdf
2026-09-22,Investment,Mumias Sugar Co. Ltd Ord 2.00,KE0000000372,,0.27,0.27,,,0.27,0.27,0,0,,https://www.nse.co.ke/wp-content/uploads/22-SEP-26.pdf
2026-09-22,Investment,Olympia Capital Holdings Ltd Ord 5.00,KE0000000166,,9,1.91,7.5,7,7.18,7.08,0.1,1.41,13558,https://www.nse.co.ke/wp-content/uploads/22-SEP-26.pdf
2026-09-22,Investment,Shri Krishana Overseas Plc,KE9900001216,,21.6,5.8,17,15.9,16.75,17.35,-0.6,-3.46,9491,https://www.nse.co.ke/wp-content/uploads/22-SEP-26.pdf
2026-09-22,Investment,Unga Group Ltd Ord 5.00,KE0000000497,,50,18.05,42.25,39,41.05,40.45,0.6,1.48,5457,https://www.nse.co.ke/wp-content/uploads/22-SEP-26.pdf
2026-09-22,Investment Services,Nairobi Securities Exchange Plc Ord 4.00,KE3000009674,,30,6.5,30,28.25,29.15,28.5,0.65,2.28,815550,https://www.nse.co.ke/wp-content/uploads/22-SEP-26.pdf
2026-09-22,Manufacturing & Allied,British American Tobacco Kenya Plc Ord 10.00,KE0000000075,xq,629,345,570,558,561,560,1,0.18,3114,https://www.nse.co.ke/wp-content/uploads/22-SEP-26.pdf
2026-09-22,Real Estate Investment Trust,ALP Industrial REIT NAV USD 1.0431,KE9900006322,,1.02,1,,,1.02,1.02,0,0,,https://www.nse.co.ke/wp-content/uploads/22-SEP-26.pdf
2026-09-22,Real Estate Investment Trust,LAPTRUST IMARA I-REIT NAV.16.95,KE9100008870,xq,20,20,,,20,20,0,0,,https://www.nse.co.ke/wp-content/uploads/22-SEP-26.pdf
2026-09-22,Real Estate Investment Trust,TRIFIC Green USD I-REIT NAV USD 1.00,KE9930007092,,1.23,1.23,,,1.23,1.23,0,0,,https://www.nse.co.ke/wp-content/uploads/22-SEP-26.pdf
2026-09-22,Telecommunication,Safaricom Plc Ord 0.05,KE1000001402,,39.5,17,36.8,36.35,36.6,36.3,0.3,0.83,7336125,https://www.nse.co.ke/wp-content/uploads/22-SEP-26.pdf
2026-09-23,Agricultural,Eaagads Ltd Ord 1.25 sue,KE0000000208,,37,10,29,27,28,28.3,-0.3,-1.06,2732,https://www.nse.co.ke/wp-content/uploads/23-SEP-26.pdf
2026-09-23,Agricultural,Kakuzi Plc Ord.5.00,KE0000000281,,460,240,439.75,435,437,435,2,0.46,499,https://www.nse.co.ke/wp-content/uploads/23-SEP-26.pdf
2026-09-23,Agricultural,Kapchorua Tea Kenya Plc Ord 5.00sme,KE4000001760,,424.25,81,350,340,343,342,1,0.29,839,https://www.nse.co.ke/wp-content/uploads/23-SEP-26.pdf
2026-09-23,Agricultural,Sasini Plc Ord 1.00,KE0000000430,,33.9,13.6,24.9,23.55,24.75,23.75,1,4.21,2792,https://www.nse.co.ke/wp-content/uploads/23-SEP-26.pdf
2026-09-23,Agricultural,The Limuru Tea Co. Plc Ord 10.00sme,KE0000000356,,555,310,535,500,510,510,0,0,7,https://www.nse.co.ke/wp-content/uploads/23-SEP-26.pdf
2026-09-23,Agricultural,Williamson Tea Kenya Plc Ord 5.00,KE0000000505,,350,120,161,158,160,160,0,0,1812,https://www.nse.co.ke/wp-content/uploads/23-SEP-26.pdf
2026-09-23,Automobiles & Accessories,Car & General (K) Ltd Ord 5.00,KE0000000109,xd,409,18.5,305,286,299,298.25,0.75,0.25,17875,https://www.nse.co.ke/wp-content/uploads/23-SEP-26.pdf
2026-09-23,Banking,ABSA Bank Kenya Plc Ord 0.50,KE0000000067,xq,36.5,15,33.3,32.5,33,33.05,-0.05,-0.15,213157,https://www.nse.co.ke/wp-content/uploads/23-SEP-26.pdf
2026-09-23,Banking,BK Group Plc Ord 0.80,KE5000008986,,70,28.75,61.5,56,58.75,57,1.75,3.07,37774,https://www.nse.co.ke/wp-content/uploads/23-SEP-26.pdf
2026-09-23,Banking,Diamond Trust Bank Kenya Ltd Ord 4.00,KE0000000158,,198.5,66,190,185,188,184.5,3.5,1.9,32054,https://www.nse.co.ke/wp-content/uploads/23-SEP-26.pdf
2026-09-23,Banking,Equity Group Holdings Plc Ord 0.50,KE0000000554,,109,41.2,107.5,105.5,107,105,2,1.9,1135601,https://www.nse.co.ke/wp-content/uploads/23-SEP-26.pdf
2026-09-23,Banking,Family Bank Limited Ord 1.00,KE9930006987,,50,22,29.95,29,29.25,29.65,-0.4,-1.35,213142,https://www.nse.co.ke/wp-content/uploads/23-SEP-26.pdf
2026-09-23,Banking,HFCB Group Plc Ord 5.00,KE0000000240,,13.6,5.3,12.4,12,12.15,12.35,-0.2,-1.62,69276,https://www.nse.co.ke/wp-content/uploads/23-SEP-26.pdf
2026-09-23,Banking,I&M Group Plc Ord 1.00,KKE0000000125,,83.5,29.5,83.5,80.5,81.5,81.25,0.25,0.31,1304712,https://www.nse.co.ke/wp-content/uploads/23-SEP-26.pdf
2026-09-23,Banking,KCB Group Ple Ord 1.00,KE0000000315,,101,35,93.25,92.5,93,93,0,0,743476,https://www.nse.co.ke/wp-content/uploads/23-SEP-26.pdf
2026-09-23,Banking,NCBA Group Ple Ord 5.00,KE0000000406,xq,100,48,90,89.5,90,90,0,0,1167538,https://www.nse.co.ke/wp-content/uploads/23-SEP-26.pdf
2026-09-23,Banking,Stanbic Holdings Plc ord.5.00,KE0000000091,eq,300,147,289,274,283.5,285.5,-2,-0.7,849,https://www.nse.co.ke/wp-content/uploads/23-SEP-26.pdf
2026-09-23,Banking,Standard Chartered Bank Kenya Ltd Ord 5.00,KE0000000448,xq,370,260,340,328.5,330.5,332,-1.5,-0.45,25219,https://www.nse.co.ke/wp-content/uploads/23-SEP-26.pdf
2026-09-23,Banking,The Co-operative Bank of Kenya Ltd Ord 1.00,KE1000001568,,39.95,13.8,37.45,36.05,37.1,37.35,-0.25,-0.67,707829,https://www.nse.co.ke/wp-content/uploads/23-SEP-26.pdf
2026-09-23,Commercial And Services,Deacons (East Africa) Plc Ord 2.50,KE5000005438,,0.45,0.45,,,0.45,0.45,0,0,,https://www.nse.co.ke/wp-content/uploads/23-SEP-26.pdf
2026-09-23,Commercial And Services,Eveready East Africa Ltd Ord.1.00sue,KE0000000588,,1.88,0.75,1.04,0.99,1,1,0,0,247955,https://www.nse.co.ke/wp-content/uploads/23-SEP-26.pdf
2026-09-23,Commercial And Services,Express Kenya Plc Ord 5.00,KKE0000000224,,10,2.7,7.38,6.7,7,7.02,-0.02,-0.28,8550,https://www.nse.co.ke/wp-content/uploads/23-SEP-26.pdf
2026-09-23,Commercial And Services,Homeboyz Entertainment Plc 0.50sue,KE7000001433,,4.66,4.66,,,4.66,4.66,0,0,,https://www.nse.co.ke/wp-content/uploads/23-SEP-26.pdf
2026-09-23,Commercial And Services,Kenya Airways Ltd Ord 1.00,KE0000000307,,9.18,1.56,5.88,5.66,5.7,5.68,0.02,0.35,814623,https://www.nse.co.ke/wp-content/uploads/23-SEP-26.pdf
2026-09-23,Commercial And Services,Longhorn Publishers Ple Ord 1.00,KE2000002275,,3.46,2.35,2.8,2.72,2.78,2.74,0.04,1.46,8745,https://www.nse.co.ke/wp-content/uploads/23-SEP-26.pdf
2026-09-23,Commercial And Services,Nairobi Business Ventures Plc Ord. 0.50sue,KE5000000090,,5,1.14,1.37,1.25,1.29,1.29,0,0,94867,https://www.nse.co.ke/wp-content/uploads/23-SEP-26.pdf
2026-09-23,Commercial And Services,Nation Media Group Plc Ord. 2.50,KE0000000380,,22.4,10.05,15.85,14.2,14.75,15.1,-0.35,-2.32,25998,https://www.nse.co.ke/wp-content/uploads/23-SEP-26.pdf
2026-09-23,Commercial And Services,Sameer Africa Plc Ord 5.00,KKE0000000232,,21.5,2.7,17.8,17,17.5,16.2,1.3,8.02,16477,https://www.nse.co.ke/wp-content/uploads/23-SEP-26.pdf
2026-09-23,Commercial And Services,Standard Group Ple Ord 5.00,KE0000000455,,10.8,5.2,6.38,6,6.34,6.16,0.18,2.92,3357,https://www.nse.co.ke/wp-content/uploads/23-SEP-26.pdf
2026-09-23,Commercial And Services,TPS Eastern Africa Ltd Ord 1.00,KE0000000539,,19.8,13.05,17.8,17,17.8,17.35,0.45,2.59,593,https://www.nse.co.ke/wp-content/uploads/23-SEP-26.pdf
2026-09-23,Commercial And Services,Uchumi Supermarket Plc Ord 5.00,KE0000000489,,2.93,0.23,1.48,1.37,1.48,1.35,0.13,9.63,540283,https://www.nse.co.ke/wp-content/uploads/23-SEP-26.pdf
2026-09-23,Commercial And Services,WPP Scangroup Plc Ord 1.00,KE0000000562,,3.95,1.8,2.01,2,2.01,1.98,0.03,1.52,8972,https://www.nse.co.ke/wp-content/uploads/23-SEP-26.pdf
2026-09-23,Construction & Allied,ARMCement Plc Ord 1.00,KE0000000034,,5.55,5.55,,,5.55,5.55,0,0,,https://www.nse.co.ke/wp-content/uploads/23-SEP-26.pdf
2026-09-23,Construction & Allied,Bamburi Cement Plc Ord 5.00,KE0000000059,,84,21.3,,,54,54,0,0,,https://www.nse.co.ke/wp-content/uploads/23-SEP-26.pdf
2026-09-23,Construction & Allied,Crown Paints Kenya Plc Ord 5.00,KE0000000141,,70.75,29,60,59,60,58.75,1.25,2.13,5503,https://www.nse.co.ke/wp-content/uploads/23-SEP-26.pdf
2026-09-23,Energy & Petroleum,KenGen Co. Ple Ord. 2.50,KE0000000547,cd,13.1,4.5,10.9,10.7,10.8,10.75,0.05,0.47,1566886,https://www.nse.co.ke/wp-content/uploads/23-SEP-26.pdf
2026-09-23,Energy & Petroleum,Kenya Pipeline Company Plc Ord 0.02,KE9900006215,,10,8.7,9.04,9,9,9,0,0,160999,https://www.nse.co.ke/wp-content/uploads/23-SEP-26.pdf
2026-09-23,Energy & Petroleum,Kenya Power & Lighting Co Plc Ord 2.50,KE0000000349,cd,25,5.7,23.5,23.3,23.4,23.35,0.05,0.21,694775,https://www.nse.co.ke/wp-content/uploads/23-SEP-26.pdf
2026-09-23,Energy & Petroleum,Kenya Power & Lighting Plc 4% Pref 20.00,KE4000001877,,5.5,4,,,5.26,5.26,0,0,,https://www.nse.co.ke/wp-content/uploads/23-SEP-26.pdf
2026-09-23,Energy & Petroleum,Kenya Power & Lighting Plc 7% Pref 20.00,KKE4000002982,,6,6,,,6,6,0,0,,https://www.nse.co.ke/wp-content/uploads/23-SEP-26.pdf
2026-09-23,Energy & Petroleum,TotalEnergies Marketing Kenya Plc Ord 5.00,KE0000000463,,52,21,48.2,47,47.85,7.75,40.1,517.42,8503,https://www.nse.co.ke/wp-content/uploads/23-SEP-26.pdf
2026-09-23,Energy & Petroleum,Umeme Ltd Ord 0.50,UG0000001145,,24.75,5.22,6.5,5.6,6.1,6.06,0.04,0.66,139525,https://www.nse.co.ke/wp-content/uploads/23-SEP-26.pdf
2026-09-23,Exchange Traded Funds,ABSA New Gold ETF,ZAE000060067,,6800,881,5450,5230,5325,5350,-25,-0.47,178,https://www.nse.co.ke/wp-content/uploads/23-SEP-26.pdf
2026-09-23,Exchange Traded Funds,Satrix MSCI World Feeder ETF,ZAE000246104,,1895,761,970,955,965,971,-6,-0.62,135,https://www.nse.co.ke/wp-content/uploads/23-SEP-26.pdf
2026-09-23,Insurance,Britam Holdings Plc Ord 0.10,KKE2000002192,,22.3,5.92,19.45,18.6,19,19.45,-0.45,-2.31,423699,https://www.nse.co.ke/wp-content/uploads/23-SEP-26.pdf
2026-09-23,Insurance,Jubilee Holdings Ltd Ord 5.00,KE0000000273,xd,437.75,182,415,400,407.25,407.5,-0.25,-0.06,1209,https://www.nse.co.ke/wp-content/uploads/23-SEP-26.pdf
2026-09-23,Insurance,Liberty Kenya Holdings Ltd Ord. 1.00,KE2000002168,,12.2,8.14,9.5,9,9.3,9.36,-0.06,-0.64,19078,https://www.nse.co.ke/wp-content/uploads/23-SEP-26.pdf
2026-09-23,Insurance,Sanlam Allianz Holdings Kenya Ple Ord 5.00,KE0000000414,,12.65,5.5,10.9,10.2,10.75,10.55,0.2,1.9,12507,https://www.nse.co.ke/wp-content/uploads/23-SEP-26.pdf
2026-09-23,Investment,Africa Mega Agricorp Plc Ord 5.00sue,KE0000000331,,388.25,10.4,362.25,331,360.75,329.5,31.25,9.48,1278,https://www.nse.co.ke/wp-content/uploads/23-SEP-26.pdf
2026-09-23,Investment,East African Breweries Plc Ord 2.00,KE0000000216,eq,351,167,285,281,281.75,282,-0.25,-0.09,22038,https://www.nse.co.ke/wp-content/uploads/23-SEP-26.pdf
2026-09-23,Investment,Flame Tree Group Holdings Ltd Ord 0.825,KE4000001323,,3.11,0.9,2.15,2.05,2.11,2.01,0.1,4.98,46950,https://www.nse.co.ke/wp-content/uploads/23-SEP-26.pdf
2026-09-23,Investment,Home Afrika Ltd Ord 1.00,KE2000007258,,1.83,0.48,1.14,1.1,1.12,1.12,0,0,329301,https://www.nse.co.ke/wp-content/uploads/23-SEP-26.pdf
2026-09-23,Investment,Kurwitu Ventures Ltd Ord 100.00sne,KE4000001216,,1500,1220,,,1355,1355,0,0,,https://www.nse.co.ke/wp-content/uploads/23-SEP-26.pdf
2026-09-23,Investment,Mumias Sugar Co. Ltd Ord 2.00,KE0000000372,,0.27,0.27,,,0.27,0.27,0,0,,https://www.nse.co.ke/wp-content/uploads/23-SEP-26.pdf
2026-09-23,Investment,Olympia Capital Holdings Ltd Ord 5.00,KE0000000166,,9,1.91,7.6,7,7.36,7.18,0.18,2.51,1408,https://www.nse.co.ke/wp-content/uploads/23-SEP-26.pdf
2026-09-23,Investment,Shri Krishana Overseas Plc,KE9900001216,,21.6,5.8,17.35,16,16.45,16.75,-0.3,-1.79,16604,https://www.nse.co.ke/wp-content/uploads/23-SEP-26.pdf
2026-09-23,Investment,Unga Group Ltd Ord 5.00,KE0000000497,,50,18.05,43.5,40.25,41.55,41.05,0.5,1.22,2379,https://www.nse.co.ke/wp-content/uploads/23-SEP-26.pdf
2026-09-23,Investment Services,Nairobi Securities Exchange Plc Ord 4.00,KE3000009674,,30,6.5,30,28.4,29.6,29.15,0.45,1.54,383672,https://www.nse.co.ke/wp-content/uploads/23-SEP-26.pdf
2026-09-23,Manufacturing & Allied,British American Tobacco Kenya Plc Ord 10.00,KE0000000075,xq,629,345,568,555,561,561,0,0,3011,https://www.nse.co.ke/wp-content/uploads/23-SEP-26.pdf
2026-09-23,Real Estate Investment Trust,ALP Industrial REIT NAV USD 1.0431,KE9900006322,,1.02,1,,,1.02,1.02,0,0,,https://www.nse.co.ke/wp-content/uploads/23-SEP-26.pdf
2026-09-23,Real Estate Investment Trust,LAPTRUST IMARA I-REIT NAV.16.95,KE9100008870,xq,20,20,,,20,20,0,0,,https://www.nse.co.ke/wp-content/uploads/23-SEP-26.pdf
2026-09-23,Real Estate Investment Trust,TRIFIC Green USD I-REIT NAV USD 1.00,KE9930007092,,1.23,1.23,,,1.23,1.23,0,0,,https://www.nse.co.ke/wp-content/uploads/23-SEP-26.pdf
2026-09-23,Telecommunication,Safaricom Plc Ord 0.05,KE1000001402,,39.5,17,37,36,36.2,36.6,-0.4,-1.09,2501236,https://www.nse.co.ke/wp-content/uploads/23-SEP-26.pdf
2026-09-24,Agricultural,Eaagads Ltd Ord 1.25 sue,KE0000000208,,37,10,29.5,26.5,28.45,28,0.45,1.61,1154,https://www.nse.co.ke/wp-content/uploads/24-SEP-26.pdf
2026-09-24,Agricultural,Kakuzi Plc Ord.5.00,KE0000000281,,460,240,439.75,435,439.75,437,2.75,0.63,122,https://www.nse.co.ke/wp-content/uploads/24-SEP-26.pdf
2026-09-24,Agricultural,Kapchorua Tea Kenya Plc Ord 5.00sne,KE4000001760,,424.25,81,345,341,344.75,343,1.75,0.51,505,https://www.nse.co.ke/wp-content/uploads/24-SEP-26.pdf
2026-09-24,Agricultural,Sasini Plc Ord 1.00,KE0000000430,,33.9,13.6,24.9,24.5,24.75,24.75,0,0,2383,https://www.nse.co.ke/wp-content/uploads/24-SEP-26.pdf
2026-09-24,Agricultural,The Limuru Tea Co. Plc Ord 10.00sue,KE0000000356,,555,310,535,502,510,510,0,0,12,https://www.nse.co.ke/wp-content/uploads/24-SEP-26.pdf
2026-09-24,Agricultural,Williamson Tea Kenya Plc Ord 5.00,KE0000000505,,350,120,161,158,160.25,160,0.25,0.16,2992,https://www.nse.co.ke/wp-content/uploads/24-SEP-26.pdf
2026-09-24,Automobiles & Accessories,Car & General (kK) Ltd Ord 5.00,KE0000000109,xq,409,18.5,300,290,294.5,299,-4.5,-1.51,1751,https://www.nse.co.ke/wp-content/uploads/24-SEP-26.pdf
2026-09-24,Banking,ABSA Bank Kenya Plc Ord 0.50,KE0000000067,xq,36.5,15,33.6,32,33.1,33,0.1,0.3,293656,https://www.nse.co.ke/wp-content/uploads/24-SEP-26.pdf
2026-09-24,Banking,BK Group Plc Ord 0.80,KE5000008986,,70,28.75,62.5,58.75,61.25,58.75,2.5,4.26,4824,https://www.nse.co.ke/wp-content/uploads/24-SEP-26.pdf
2026-09-24,Banking,Diamond Trust Bank Kenya Ltd Ord 4.00,KE0000000158,,198.5,66,190,184,187.25,188,-0.75,-0.4,80595,https://www.nse.co.ke/wp-content/uploads/24-SEP-26.pdf
2026-09-24,Banking,Equity Group Holdings Plc Ord 0.50,KE0000000554,,109,41.2,108.25,107,107.75,107,0.75,0.7,1818503,https://www.nse.co.ke/wp-content/uploads/24-SEP-26.pdf
2026-09-24,Banking,Family Bank Limited Ord 1.00,KE9930006987,,50,22,30,29,29.35,29.25,0.1,0.34,161807,https://www.nse.co.ke/wp-content/uploads/24-SEP-26.pdf
2026-09-24,Banking,HFCB Group Plc Ord 5.00,KE0000000240,,13.6,5.3,12.5,12,12.35,12.15,0.2,1.65,222718,https://www.nse.co.ke/wp-content/uploads/24-SEP-26.pdf
2026-09-24,Banking,I&M Group Plc Ord 1.00,KE0000000125,,86,29.5,86,81,83,81.5,1.5,1.84,3113046,https://www.nse.co.ke/wp-content/uploads/24-SEP-26.pdf
2026-09-24,Banking,KCB Group Plc Ord 1.00,KE0000000315,,101,35,93.25,92.5,93,93,0,0,2806809,https://www.nse.co.ke/wp-content/uploads/24-SEP-26.pdf
2026-09-24,Banking,NCBA Group Plc Ord 5.00,KE0000000406,xq,100,48,90,89.75,90,90,0,0,89315,https://www.nse.co.ke/wp-content/uploads/24-SEP-26.pdf
2026-09-24,Banking,Stanbic Holdings Plc ord.5.00,KE0000000091,eq,300,147,285.5,275.5,280,283.5,-3.5,-1.23,32978,https://www.nse.co.ke/wp-content/uploads/24-SEP-26.pdf
2026-09-24,Banking,Standard Chartered Bank Kenya Ltd Ord 5.00,KE0000000448,xq,370,260,335.5,324,333.75,330.5,3.25,0.98,78369,https://www.nse.co.ke/wp-content/uploads/24-SEP-26.pdf
2026-09-24,Banking,The Co-operative Bank of Kenya Ltd Ord 1.00,KE1000001568,,39.95,13.8,37.4,36.2,37.25,37.1,0.15,0.4,720593,https://www.nse.co.ke/wp-content/uploads/24-SEP-26.pdf
2026-09-24,Commercial And Services,Deacons (East Africa) Plc Ord 2.50,KE5000005438,,0.45,0.45,,,0.45,0.45,0,0,,https://www.nse.co.ke/wp-content/uploads/24-SEP-26.pdf
2026-09-24,Commercial And Services,Eveready East Africa Ltd Ord.1.00sue,KE0000000588,,1.88,0.75,1.03,0.99,1,1,0,0,278488,https://www.nse.co.ke/wp-content/uploads/24-SEP-26.pdf
2026-09-24,Commercial And Services,Express Kenya Plc Ord 5.00,KKE0000000224,,10,2.7,7.38,7,7.06,7,0.06,0.86,1773,https://www.nse.co.ke/wp-content/uploads/24-SEP-26.pdf
2026-09-24,Commercial And Services,Homeboyz Entertainment Plc 0.50sue,KE7000001433,,4.66,4.66,,,4.66,4.66,0,0,,https://www.nse.co.ke/wp-content/uploads/24-SEP-26.pdf
2026-09-24,Commercial And Services,Kenya Airways Ltd Ord 1.00,KE0000000307,,9.18,1.56,5.8,5.64,5.7,5.7,0,0,536352,https://www.nse.co.ke/wp-content/uploads/24-SEP-26.pdf
2026-09-24,Commercial And Services,Longhorn Publishers Ple Ord 1.00,KE2000002275,,3.46,2.35,2.9,2.72,2.78,2.78,0,0,4213,https://www.nse.co.ke/wp-content/uploads/24-SEP-26.pdf
2026-09-24,Commercial And Services,Nairobi Business Ventures Plc Ord. 0.50sue,KE5000000090,,5,1.14,1.37,1.27,1.3,1.29,0.01,0.78,42262,https://www.nse.co.ke/wp-content/uploads/24-SEP-26.pdf
2026-09-24,Commercial And Services,Nation Media Group Plc Ord. 2.50,KE0000000380,,22.4,10.05,15,14.2,14.4,14.75,-0.35,-2.37,14332,https://www.nse.co.ke/wp-content/uploads/24-SEP-26.pdf
2026-09-24,Commercial And Services,Sameer Africa Plc Ord 5.00,KKE0000000232,,21.5,2.7,19.25,17.75,18.1,17.5,0.6,3.43,1589,https://www.nse.co.ke/wp-content/uploads/24-SEP-26.pdf
2026-09-24,Commercial And Services,Standard Group Ple Ord 5.00,KE0000000455,,10.8,5.2,6.38,6,6.36,6.34,0.02,0.32,8671,https://www.nse.co.ke/wp-content/uploads/24-SEP-26.pdf
2026-09-24,Commercial And Services,TPS Eastern Africa Ltd Ord 1.00,KE0000000539,,19.8,13.05,18,17.5,17.9,17.8,0.1,0.56,5763,https://www.nse.co.ke/wp-content/uploads/24-SEP-26.pdf
2026-09-24,Commercial And Services,Uchumi Supermarket Plc Ord 5.00,KE0000000489,,2.93,0.23,1.62,1.62,1.62,1.48,0.14,9.46,381486,https://www.nse.co.ke/wp-content/uploads/24-SEP-26.pdf
2026-09-24,Commercial And Services,WPP Scangroup Plc Ord 1.00,KE0000000562,,3.95,1.8,2.03,1.99,2,2.01,-0.01,-0.5,115786,https://www.nse.co.ke/wp-content/uploads/24-SEP-26.pdf
2026-09-24,Construction & Allied,ARMCement Plc Ord 1.00,KE0000000034,,5.55,5.55,,,5.55,5.55,0,0,,https://www.nse.co.ke/wp-content/uploads/24-SEP-26.pdf
2026-09-24,Construction & Allied,Bamburi Cement Plc Ord 5.00,KE0000000059,,84,21.3,,,54,54,0,0,,https://www.nse.co.ke/wp-content/uploads/24-SEP-26.pdf
2026-09-24,Construction & Allied,Crown Paints Kenya Plc Ord 5.00,KE0000000141,,70.75,29,60,58.75,59.5,60,-0.5,-0.83,274,https://www.nse.co.ke/wp-content/uploads/24-SEP-26.pdf
2026-09-24,Energy & Petroleum,KenGen Co. Ple Ord. 2.50,KE0000000547,cd,13.1,4.5,11,10.75,10.85,10.8,0.05,0.46,1374724,https://www.nse.co.ke/wp-content/uploads/24-SEP-26.pdf
2026-09-24,Energy & Petroleum,Kenya Pipeline Company Plc Ord 0.02,KE9900006215,,10,8.7,9.04,9,9,9,0,0,244866,https://www.nse.co.ke/wp-content/uploads/24-SEP-26.pdf
2026-09-24,Energy & Petroleum,Kenya Power & Lighting Co Plc Ord 2.50,KE0000000349,cd,25,5.7,23.5,23.35,23.45,23.4,0.05,0.21,390997,https://www.nse.co.ke/wp-content/uploads/24-SEP-26.pdf
2026-09-24,Energy & Petroleum,Kenya Power & Lighting Plc 4% Pref 20.00,KE4000001877,,5.5,4,,,5.26,5.26,0,0,,https://www.nse.co.ke/wp-content/uploads/24-SEP-26.pdf
2026-09-24,Energy & Petroleum,Kenya Power & Lighting Plc 7% Pref 20.00,KKE4000002982,,6,6,,,6,6,0,0,,https://www.nse.co.ke/wp-content/uploads/24-SEP-26.pdf
2026-09-24,Energy & Petroleum,TotalEnergies Marketing Kenya Plc Ord 5.00,KE0000000463,,52,21,48,47.5,47.95,47.85,0.1,0.21,8681,https://www.nse.co.ke/wp-content/uploads/24-SEP-26.pdf
2026-09-24,Energy & Petroleum,Umeme Ltd Ord 0.50,UG0000001145,,24.75,5.22,6.56,6,6.38,6.1,0.28,4.59,30157,https://www.nse.co.ke/wp-content/uploads/24-SEP-26.pdf
2026-09-24,Exchange Traded Funds,ABSA New Gold ETF,ZAE000060067,,6800,881,5450,5300,5395,5325,70,1.31,134,https://www.nse.co.ke/wp-content/uploads/24-SEP-26.pdf
2026-09-24,Exchange Traded Funds,Satrix MSCI World Feeder ETF,ZAE000246104,,1895,761,970,967,968,965,3,0.31,118,https://www.nse.co.ke/wp-content/uploads/24-SEP-26.pdf
2026-09-24,Insurance,Britam Holdings Plc Ord 0.10,KKE2000002192,,22.3,5.92,19.4,18.9,19.05,19,0.05,0.26,90633,https://www.nse.co.ke/wp-content/uploads/24-SEP-26.pdf
2026-09-24,Insurance,Jubilee Holdings Ltd Ord 5.00,KE0000000273,xd,437.75,182,415,407,412.75,407.25,5.5,1.35,778,https://www.nse.co.ke/wp-content/uploads/24-SEP-26.pdf
2026-09-24,Insurance,Liberty Kenya Holdings Ltd Ord. 1.00,KE2000002168,,12.2,8.14,9.4,9.1,9.32,9.3,0.02,0.22,19548,https://www.nse.co.ke/wp-content/uploads/24-SEP-26.pdf
2026-09-24,Insurance,Sanlam Allianz Holdings Kenya Ple Ord 5.00,KE0000000414,,12.65,5.5,10.8,9.72,10.4,10.75,-0.35,-3.26,25760,https://www.nse.co.ke/wp-content/uploads/24-SEP-26.pdf
2026-09-24,Investment,Africa Mega Agricorp Plc Ord 5.00sue,KE0000000331,,395,10.4,395,362,369,360.75,8.25,2.29,792,https://www.nse.co.ke/wp-content/uploads/24-SEP-26.pdf
2026-09-24,Investment,East African Breweries Plc Ord 2.00,KE0000000216,eq,351,167,287.5,281,285.25,281.75,3.5,1.24,17250,https://www.nse.co.ke/wp-content/uploads/24-SEP-26.pdf
2026-09-24,Investment,Flame Tree Group Holdings Ltd Ord 0.825,KE4000001323,,3.11,0.9,2.2,2.1,2.12,2.11,0.01,0.47,64566,https://www.nse.co.ke/wp-content/uploads/24-SEP-26.pdf
2026-09-24,Investment,Home Afrika Ltd Ord 1.00,KE2000007258,,1.83,0.48,1.12,1.09,1.11,1.12,-0.01,-0.89,308534,https://www.nse.co.ke/wp-content/uploads/24-SEP-26.pdf
2026-09-24,Investment,Kurwitu Ventures Ltd Ord 100.00sne,KE4000001216,,1500,1220,1355,1355,1355,1355,0,0,12,https://www.nse.co.ke/wp-content/uploads/24-SEP-26.pdf
2026-09-24,Investment,Mumias Sugar Co. Ltd Ord 2.00,KE0000000372,,0.27,0.27,,,0.27,0.27,0,0,,https://www.nse.co.ke/wp-content/uploads/24-SEP-26.pdf
2026-09-24,Investment,Olympia Capital Holdings Ltd Ord 5.00,KE0000000166,,9,1.91,7.9,7.2,7.54,7.36,0.18,2.45,9720,https://www.nse.co.ke/wp-content/uploads/24-SEP-26.pdf
2026-09-24,Investment,Shri Krishana Overseas Plc,KE9900001216,,21.6,5.8,17.95,16,17.4,16.45,0.95,5.78,22629,https://www.nse.co.ke/wp-content/uploads/24-SEP-26.pdf
2026-09-24,Investment,Unga Group Ltd Ord 5.00,KE0000000497,,50,18.05,43.5,38,42.15,41.55,0.6,1.44,3768,https://www.nse.co.ke/wp-content/uploads/24-SEP-26.pdf
2026-09-24,Investment Services,Nairobi Securities Exchange Plc Ord 4.00,KE3000009674,,30,6.5,30,29.5,29.85,29.6,0.25,0.84,4465047,https://www.nse.co.ke/wp-content/uploads/24-SEP-26.pdf
2026-09-24,Manufacturing & Allied,British American Tobacco Kenya Plc Ord 10.00,KE0000000075,xq,629,345,570,555,566,561,5,0.89,6178,https://www.nse.co.ke/wp-content/uploads/24-SEP-26.pdf
2026-09-24,Real Estate Investment Trust,ALP Industrial REIT NAV USD 1.0431,KE9900006322,,1.02,1,,,1.02,1.02,0,0,,https://www.nse.co.ke/wp-content/uploads/24-SEP-26.pdf
2026-09-24,Real Estate Investment Trust,LAPTRUST IMARA I-REIT NAV.16.95,KE9100008870,xq,20,20,,,20,20,0,0,,https://www.nse.co.ke/wp-content/uploads/24-SEP-26.pdf
2026-09-24,Real Estate Investment Trust,TRIFIC Green USD I-REIT NAV USD 1.00,KE9930007092,,1.23,1.23,,,1.23,1.23,0,0,,https://www.nse.co.ke/wp-content/uploads/24-SEP-26.pdf
2026-09-24,Telecommunication,Safaricom Plc Ord 0.05,KE1000001402,,39.5,17,37,36,36.35,36.2,0.15,0.41,4843210,https://www.nse.co.ke/wp-content/uploads/24-SEP-26.pdf
2026-09-25,Agricultural,Eaagads Ltd Ord 1.25 sue,KE0000000208,,37,10,29,27.7,28.95,28.45,0.5,1.76,11508,https://www.nse.co.ke/wp-content/uploads/25-SEP-26.pdf
2026-09-25,Agricultural,Kakuzi Plc Ord.5.00,KE0000000281,,460,240,439.75,435,438.5,439.75,-1.25,-0.28,390,https://www.nse.co.ke/wp-content/uploads/25-SEP-26.pdf
2026-09-25,Agricultural,Kapchorua Tea Kenya Plc Ord 5.00sme,KE4000001760,,424.25,81,353.5,345,352.25,344.75,7.5,2.18,981,https://www.nse.co.ke/wp-content/uploads/25-SEP-26.pdf
2026-09-25,Agricultural,Sasini Plc Ord 1.00,KE0000000430,,33.9,13.6,24.9,24.05,24.6,24.75,-0.15,-0.61,4799,https://www.nse.co.ke/wp-content/uploads/25-SEP-26.pdf
2026-09-25,Agricultural,The Limuru Tea Co. Plc Ord 10.00sme,KE0000000356,,555,310,535,497,510,510,0,0,54,https://www.nse.co.ke/wp-content/uploads/25-SEP-26.pdf
2026-09-25,Agricultural,Williamson Tea Kenya Plc Ord 5.00,KE0000000505,,350,120,161,158,159.75,160.25,-0.5,-0.31,10252,https://www.nse.co.ke/wp-content/uploads/25-SEP-26.pdf
2026-09-25,Automobiles & Accessories,Car & General (K) Ltd Ord 5.00,KE0000000109,xd,409,18.5,296.5,289,291.5,294.5,-3,-1.02,2569,https://www.nse.co.ke/wp-content/uploads/25-SEP-26.pdf
2026-09-25,Banking,ABSA Bank Kenya Plc Ord 0.50,KE0000000067,xq,36.5,15,33.9,33.15,33.4,33.1,0.3,0.91,119165,https://www.nse.co.ke/wp-content/uploads/25-SEP-26.pdf
2026-09-25,Banking,BK Group Plc Ord 0.80,KE5000008986,,70,28.75,61,55.5,58,61.25,-3.25,-5.31,14412,https://www.nse.co.ke/wp-content/uploads/25-SEP-26.pdf
2026-09-25,Banking,Diamond Trust Bank Kenya Ltd Ord 4.00,KE0000000158,,198.5,66,189.75,188.5,189.25,187.25,2,1.07,33613,https://www.nse.co.ke/wp-content/uploads/25-SEP-26.pdf
2026-09-25,Banking,Equity Group Holdings Plc Ord 0.50,KE0000000554,,109,41.2,107.5,105.5,107,107.75,-0.75,-0.7,2375281,https://www.nse.co.ke/wp-content/uploads/25-SEP-26.pdf
2026-09-25,Banking,Family Bank Limited Ord 1.00,KE9930006987,,50,22,29.5,29.3,29.45,29.35,0.1,0.34,98854,https://www.nse.co.ke/wp-content/uploads/25-SEP-26.pdf
2026-09-25,Banking,HFCB Group Plc Ord 5.00,KE0000000240,,13.6,5.3,12.6,12.3,12.5,12.35,0.15,1.21,117335,https://www.nse.co.ke/wp-content/uploads/25-SEP-26.pdf
2026-09-25,Banking,I&M Group Plc Ord 1.00,KKE0000000125,,86,29.5,85.75,83,85,83,2,2.41,284239,https://www.nse.co.ke/wp-content/uploads/25-SEP-26.pdf
2026-09-25,Banking,KCB Group Ple Ord 1.00,KE0000000315,,101,35,95,92.75,93.5,93,0.5,0.54,385667,https://www.nse.co.ke/wp-content/uploads/25-SEP-26.pdf
2026-09-25,Banking,NCBA Group Ple Ord 5.00,KE0000000406,xq,100,48,90,89.5,89.75,90,-0.25,-0.28,34117,https://www.nse.co.ke/wp-content/uploads/25-SEP-26.pdf
2026-09-25,Banking,Stanbic Holdings Plc ord.5.00,KE0000000091,eg,300,147,289,276,282.5,280,2.5,0.89,1279,https://www.nse.co.ke/wp-content/uploads/25-SEP-26.pdf
2026-09-25,Banking,Standard Chartered Bank Kenya Ltd Ord 5.00,KE0000000448,xq,370,260,335.5,323,324.5,333.75,-9.25,-2.77,40121,https://www.nse.co.ke/wp-content/uploads/25-SEP-26.pdf
2026-09-25,Banking,The Co-operative Bank of Kenya Ltd Ord 1.00,KE1000001568,,39.95,13.8,37.35,36.5,37.25,37.25,0,0,580895,https://www.nse.co.ke/wp-content/uploads/25-SEP-26.pdf
2026-09-25,Commercial And Services,Deacons (East Africa) Plc Ord 2.50,KE5000005438,,0.45,0.45,,,0.45,0.45,0,0,,https://www.nse.co.ke/wp-content/uploads/25-SEP-26.pdf
2026-09-25,Commercial And Services,Eveready East Africa Ltd Ord.1.00sue,KE0000000588,,1.88,0.75,1.03,1,1.01,1,0.01,1,216541,https://www.nse.co.ke/wp-content/uploads/25-SEP-26.pdf
2026-09-25,Commercial And Services,Express Kenya Plc Ord 5.00,KKE0000000224,,10,2.7,7.4,7,7.28,7.06,0.22,3.12,1734,https://www.nse.co.ke/wp-content/uploads/25-SEP-26.pdf
2026-09-25,Commercial And Services,Homeboyz Entertainment Plc 0.50sue,KE7000001433,,4.66,4.66,,,4.66,4.66,0,0,,https://www.nse.co.ke/wp-content/uploads/25-SEP-26.pdf
2026-09-25,Commercial And Services,Kenya Airways Ltd Ord 1.00,KE0000000307,,9.18,1.56,5.88,5.66,5.7,5.7,0,0,1898351,https://www.nse.co.ke/wp-content/uploads/25-SEP-26.pdf
2026-09-25,Commercial And Services,Longhorn Publishers Ple Ord 1.00,KE2000002275,,3.46,2.35,2.9,2.73,2.8,2.78,0.02,0.72,11572,https://www.nse.co.ke/wp-content/uploads/25-SEP-26.pdf
2026-09-25,Commercial And Services,Nairobi Business Ventures Plc Ord. 0.50sue,KE5000000090,,5,1.14,1.3,1.26,1.29,1.3,-0.01,-0.77,16928,https://www.nse.co.ke/wp-content/uploads/25-SEP-26.pdf
2026-09-25,Commercial And Services,Nation Media Group Plc Ord. 2.50,KE0000000380,,22.4,10.05,15,14,14.25,14.4,-0.15,-1.04,8780,https://www.nse.co.ke/wp-content/uploads/25-SEP-26.pdf
2026-09-25,Commercial And Services,Sameer Africa Plc Ord 5.00,KKE0000000232,,21.5,2.7,18.15,17.9,18,18.1,-0.1,-0.55,11123,https://www.nse.co.ke/wp-content/uploads/25-SEP-26.pdf
2026-09-25,Commercial And Services,Standard Group Ple Ord 5.00,KE0000000455,,10.8,5.2,6.76,5.8,6.54,6.36,0.18,2.83,2277,https://www.nse.co.ke/wp-content/uploads/25-SEP-26.pdf
2026-09-25,Commercial And Services,TPS Eastern Africa Ltd Ord 1.00,KE0000000539,,19.8,13.05,18.2,17.6,17.8,17.9,-0.1,-0.56,362,https://www.nse.co.ke/wp-content/uploads/25-SEP-26.pdf
2026-09-25,Commercial And Services,Uchumi Supermarket Plc Ord 5.00,KE0000000489,,2.93,0.23,1.78,1.47,1.63,1.62,0.01,0.62,881977,https://www.nse.co.ke/wp-content/uploads/25-SEP-26.pdf
2026-09-25,Commercial And Services,WPP Scangroup Plc Ord 1.00,KE0000000562,,3.95,1.8,2.03,2,2.03,2,0.03,1.5,14722,https://www.nse.co.ke/wp-content/uploads/25-SEP-26.pdf
2026-09-25,Construction & Allied,ARMCement Plc Ord 1.00,KE0000000034,,5.55,5.55,,,5.55,5.55,0,0,,https://www.nse.co.ke/wp-content/uploads/25-SEP-26.pdf
2026-09-25,Construction & Allied,Bamburi Cement Plc Ord 5.00,KE0000000059,,84,21.3,,,54,54,0,0,,https://www.nse.co.ke/wp-content/uploads/25-SEP-26.pdf
2026-09-25,Construction & Allied,Crown Paints Kenya Plc Ord 5.00,KE0000000141,,70.75,29,60,56.5,57.25,59.5,-2.25,-3.78,10614,https://www.nse.co.ke/wp-content/uploads/25-SEP-26.pdf
2026-09-25,Energy & Petroleum,KenGen Co. Ple Ord. 2.50,KE0000000547,cd,13.1,4.5,10.9,10.75,10.85,10.85,0,0,1662212,https://www.nse.co.ke/wp-content/uploads/25-SEP-26.pdf
2026-09-25,Energy & Petroleum,Kenya Pipeline Company Plc Ord 0.02,KE9900006215,,10,8.7,9.04,9,9,9,0,0,141030,https://www.nse.co.ke/wp-content/uploads/25-SEP-26.pdf
2026-09-25,Energy & Petroleum,Kenya Power & Lighting Co Plc Ord 2.50,KE0000000349,cd,25,5.7,23.5,23.2,23.4,23.45,-0.05,-0.21,637182,https://www.nse.co.ke/wp-content/uploads/25-SEP-26.pdf
2026-09-25,Energy & Petroleum,Kenya Power & Lighting Plc 4% Pref 20.00,KE4000001877,,5.5,4,,,5.26,5.26,0,0,,https://www.nse.co.ke/wp-content/uploads/25-SEP-26.pdf
2026-09-25,Energy & Petroleum,Kenya Power & Lighting Plc 7% Pref 20.00,KKE4000002982,,6,6,,,6,6,0,0,,https://www.nse.co.ke/wp-content/uploads/25-SEP-26.pdf
2026-09-25,Energy & Petroleum,TotalEnergies Marketing Kenya Plc Ord 5.00,KE0000000463,,52,21,49,47.5,47.8,47.95,-0.15,-0.31,19634,https://www.nse.co.ke/wp-content/uploads/25-SEP-26.pdf
2026-09-25,Energy & Petroleum,Umeme Ltd Ord 0.50,UG0000001145,,24.75,5.22,6.5,6.1,6.24,6.38,-0.14,-2.19,24825,https://www.nse.co.ke/wp-content/uploads/25-SEP-26.pdf
2026-09-25,Exchange Traded Funds,ABSA New Gold ETF,ZAE000060067,,6800,881,5385,5180,5195,5395,-200,-3.71,444,https://www.nse.co.ke/wp-content/uploads/25-SEP-26.pdf
2026-09-25,Exchange Traded Funds,Satrix MSCI World Feeder ETF,ZAE000246104,,1895,761,970,956,967,968,-1,-0.1,128,https://www.nse.co.ke/wp-content/uploads/25-SEP-26.pdf
2026-09-25,Insurance,Britam Holdings Plc Ord 0.10,KKE2000002192,,22.3,5.92,19.4,18.5,18.9,19.05,-0.15,-0.79,136543,https://www.nse.co.ke/wp-content/uploads/25-SEP-26.pdf
2026-09-25,Insurance,Jubilee Holdings Ltd Ord 5.00,KE0000000273,xd,437.75,182,405,401,403.5,412.75,-9.25,-2.24,568,https://www.nse.co.ke/wp-content/uploads/25-SEP-26.pdf
2026-09-25,Insurance,Liberty Kenya Holdings Ltd Ord. 1.00,KE2000002168,,12.2,8.14,9.44,9,9.2,9.32,-0.12,-1.29,10425,https://www.nse.co.ke/wp-content/uploads/25-SEP-26.pdf
2026-09-25,Insurance,Sanlam Allianz Holdings Kenya Ple Ord 5.00,KE0000000414,,12.65,5.5,10.9,10.5,10.65,10.4,0.25,2.4,4883,https://www.nse.co.ke/wp-content/uploads/25-SEP-26.pdf
2026-09-25,Investment,Africa Mega Agricorp Plc Ord 5.00sue,KE0000000331,,395,10.4,394.75,333,355.75,369,-13.25,-3.59,959,https://www.nse.co.ke/wp-content/uploads/25-SEP-26.pdf
2026-09-25,Investment,East African Breweries Plc Ord 2.00,KE0000000216,eq,351,167,290,282,285,285.25,-0.25,-0.09,596987,https://www.nse.co.ke/wp-content/uploads/25-SEP-26.pdf
2026-09-25,Investment,Flame Tree Group Holdings Ltd Ord 0.825,KE4000001323,,3.11,0.9,2.19,2.05,2.14,2.12,0.02,0.94,78485,https://www.nse.co.ke/wp-content/uploads/25-SEP-26.pdf
2026-09-25,Investment,Home Afrika Ltd Ord 1.00,KE2000007258,,1.83,0.48,1.14,1.08,1.1,1.11,-0.01,-0.9,88820,https://www.nse.co.ke/wp-content/uploads/25-SEP-26.pdf
2026-09-25,Investment,Kurwitu Ventures Ltd Ord 100.00sne,KE4000001216,,1500,1220,,,1355,1355,0,0,,https://www.nse.co.ke/wp-content/uploads/25-SEP-26.pdf
2026-09-25,Investment,Mumias Sugar Co. Ltd Ord 2.00,KE0000000372,,0.27,0.27,,,0.27,0.27,0,0,,https://www.nse.co.ke/wp-content/uploads/25-SEP-26.pdf
2026-09-25,Investment,Olympia Capital Holdings Ltd Ord 5.00,KE0000000166,,9,1.91,8.28,7.22,8.08,7.54,0.54,7.16,6650,https://www.nse.co.ke/wp-content/uploads/25-SEP-26.pdf
2026-09-25,Investment,Shri Krishana Overseas Plc,KE9900001216,,21.6,5.8,17.5,16.05,17,17.4,-0.4,-2.3,26056,https://www.nse.co.ke/wp-content/uploads/25-SEP-26.pdf
2026-09-25,Investment,Unga Group Ltd Ord 5.00,KE0000000497,,50,18.05,42,38.5,41.15,42.15,-1,-2.37,1888,https://www.nse.co.ke/wp-content/uploads/25-SEP-26.pdf
2026-09-25,Investment Services,Nairobi Securities Exchange Plc Ord 4.00,KE3000009674,,30.2,6.5,30.2,29.8,29.9,29.85,0.05,0.17,2695545,https://www.nse.co.ke/wp-content/uploads/25-SEP-26.pdf
2026-09-25,Manufacturing & Allied,British American Tobacco Kenya Plc Ord 10.00,KE0000000075,xq,629,345,570,561,565,566,-1,-0.18,18644,https://www.nse.co.ke/wp-content/uploads/25-SEP-26.pdf
2026-09-25,Real Estate Investment Trust,ALP Industrial REIT NAV USD 1.0431,KE9900006322,,1.02,1,,,1.02,1.02,0,0,,https://www.nse.co.ke/wp-content/uploads/25-SEP-26.pdf
2026-09-25,Real Estate Investment Trust,LAPTRUST IMARA I-REIT NAV.16.95,KE9100008870,xq,20,20,,,20,20,0,0,,https://www.nse.co.ke/wp-content/uploads/25-SEP-26.pdf
2026-09-25,Real Estate Investment Trust,TRIFIC Green USD I-REIT NAV USD 1.00,KE9930007092,,1.23,1.23,,,1.23,1.23,0,0,,https://www.nse.co.ke/wp-content/uploads/25-SEP-26.pdf
2026-09-25,Telecommunication,Safaricom Plc Ord 0.05,KE1000001402,,39.5,17,36.8,36.35,36.45,36.35,0.1,0.28,1290262,https://www.nse.co.ke/wp-content/uploads/25-SEP-26.pdf
